Date,Open,High,Low,Close,Volume (BTC),Volume (Currency),Weighted Price
2016-02-20,381.29,398.0,379.0,390.625,122.84504964,47883.9836085,389.791723385
2016-02-19,378.44,382.79,375.0,380.57,31.8487732,12100.0339817,379.921509243
2016-02-18,375.136,384.4,371.598,378.068,190.81662813,72619.435425,380.571840812
2016-02-17,366.9,379.64,362.75,375.136,100.59877156,37469.6452805,372.466230944
2016-02-16,360.999,369.06,357.333,364.43,137.11747622,49721.5798807,362.620296489
2016-02-15,364.0,365.0,356.127,360.0,81.43827532,29381.7902874,360.786008446
2016-02-14,350.0,365.0,349.0,364.0,193.62663548,69326.0426481,358.039804163
2016-02-13,346.7,350.0,344.201,349.0,51.09643435,17740.0782446,347.188183877
2016-02-12,340.992,350.0,339.98,345.047,133.60371464,46340.3065151,346.848937846
2016-02-11,341.0,344.044,337.0,340.999,56.02239739,19035.3305098,339.780719795
2016-02-10,334.0,345.99,333.531,341.0,134.74345413,45544.9734669,338.012512452
2016-02-09,336.704,340.0,334.0,335.0,48.97501497,16453.7535074,335.962194549
2016-02-08,338.77,352.0,335.651,336.704,73.03411989,25185.6068653,344.847133138
2016-02-07,340.828,346.01,335.0,338.63,92.13283154,31183.4565059,338.461935715
2016-02-06,350.28,350.28,338.438,344.16,108.95152435,37197.2197934,341.410733033
2016-02-05,349.57,352.0,346.92,350.52,50.35688001,17661.541078,350.727469106
2016-02-04,339.98,352.0,339.59,349.74,132.1491183,46119.7651064,348.997902518
2016-02-03,350.505,350.549,336.0,340.0,63.03438539,21633.5130666,343.20177682
2016-02-02,345.203,353.4,345.147,346.67,58.13514259,20341.0944026,349.893257269
2016-02-01,345.81,357.3,342.006,347.248,109.22656857,37999.6820467,347.897792123
2016-01-31,352.0,355.42,343.0,343.9,41.62390406,14610.6598255,351.016084518
2016-01-30,354.69,355.85,350.921,352.0,32.60737201,11499.8491705,352.676356958
2016-01-29,351.01,356.957,340.926,354.95,111.02267797,38813.0123659,349.59535363
2016-01-28,365.0,367.46,345.903,354.311,121.86980939,43303.2968059,355.324235122
2016-01-27,364.4,370.0,362.271,367.25,94.97165174,34777.1189451,366.184206634
2016-01-26,364.94,368.51,362.18,364.4,21.63634704,7896.15810156,364.948763623
2016-01-25,370.034,371.86,360.8,364.89,34.26223642,12580.3617058,367.178649742
2016-01-24,360.333,373.38,358.35,372.778,88.89409242,32640.561882,367.184826274
2016-01-23,357.01,367.426,356.06,360.333,47.03306157,16961.8981058,360.637762877
2016-01-22,379.969,379.969,350.94,359.123,82.92246807,30091.3591636,362.885474395
2016-01-21,388.542,390.0,372.24,379.968,111.60424971,42723.2178063,382.809954973
2016-01-20,351.71,394.797,348.0,389.76,93.17679914,34969.3190972,375.300712408
2016-01-19,356.89,361.55,351.074,351.695,48.46708239,17257.2589164,356.061435213
2016-01-18,354.511,359.999,349.25,356.58,49.17498566,17431.4926492,354.478855769
2016-01-17,361.49,367.66,349.25,355.0,106.34106336,38410.2813361,361.198958544
2016-01-16,336.49,362.697,328.0,359.22,237.64125934,81196.7140633,341.677679578
2016-01-15,400.006,400.72,335.691,335.691,517.42188888,189429.903832,366.103382758
2016-01-14,400.91,403.628,398.384,400.006,36.61540543,14654.9011567,400.238669614
2016-01-13,410.0,410.0,397.0,400.82,141.09521696,56401.1278384,399.738056708
2016-01-12,414.994,420.0,408.4,408.4,74.02185484,30650.7430148,414.076938238
2016-01-11,413.0,415.0,408.143,415.0,52.42687707,21624.7437598,412.474382766
2016-01-10,412.253,413.0,406.87,413.0,67.94891687,27892.1122743,410.486488366
2016-01-09,419.0,419.798,410.289,412.253,75.06931287,31139.9847783,414.816435475
2016-01-08,421.01,424.2,413.783,419.0,75.25541936,31530.9161471,418.985322456
2016-01-07,399.136,421.0,399.03,421.0,102.89405252,42716.7075405,415.152348404
2016-01-06,400.83,403.853,397.0,400.5,44.58085879,17857.5685532,400.565826633
2016-01-05,399.0,403.782,395.013,397.408,68.56748879,27401.6572836,399.630462879
2016-01-04,395.814,406.152,392.722,400.02,64.60374362,25707.2814292,397.922473045
2016-01-03,398.8,399.775,389.588,394.4,74.21022349,29205.9003661,393.556291743
2016-01-02,399.28,401.643,394.81,398.8,45.1694869,17986.8965572,398.209007711
2016-01-01,396.148,400.106,393.198,397.556,55.03746055,21859.9453902,397.183030826
2015-12-31,392.1,397.95,385.02,393.13,54.49622235,21329.360894,391.391549253
2015-12-30,397.417,398.353,388.5,388.741,76.44882335,30022.3068642,392.711170017
2015-12-29,385.34,398.0,383.647,396.0,69.99604564,27431.745126,391.904212233
2015-12-28,391.378,395.82,381.51,385.34,98.12933749,38285.5656177,390.154123089
2015-12-27,383.18,395.966,376.5,388.334,110.00785852,42350.8848132,384.980540326
2015-12-26,414.125,418.73,370.0,388.27,140.25978159,55135.1717346,393.093238201
2015-12-25,416.91,418.902,412.201,414.818,36.024959,14973.2601383,415.63573017
2015-12-24,404.53,420.842,404.53,416.918,56.11991266,23293.4282671,415.065297914
2015-12-23,404.714,408.5,403.2,404.523,38.69192939,15690.4301764,405.522040998
2015-12-22,404.0,410.0,399.236,404.647,45.06611174,18215.3623645,404.192011719
2015-12-21,412.664,412.664,396.998,405.03,125.04265922,50620.6142722,404.826757428
2015-12-20,422.028,426.1,396.998,412.654,85.39258137,34891.9754459,408.606636386
2015-12-19,424.0,427.49,420.0,422.018,63.78369441,27143.5492826,425.556241821
2015-12-18,420.863,426.994,416.611,424.0,90.68093483,38292.0283386,422.272095125
2015-12-17,414.65,425.0,412.0,420.95,142.7839402,59885.6774531,419.414658044
2015-12-16,420.63,423.923,406.121,418.72,149.04423098,62094.4546885,416.617632767
2015-12-15,405.0,424.999,405.0,423.0,217.53015643,90088.3623198,414.141946102
2015-12-14,399.49,415.48,397.174,405.7,226.7422679,92566.6176152,408.245972277
2015-12-13,397.49,404.999,390.061,400.7,32.20720885,12852.6337599,399.060776107
2015-12-12,407.3,424.2,381.465,397.11,148.97081434,59435.2092819,398.972171463
2015-12-11,381.5,412.12,379.5,407.14,185.41655174,73541.9217432,396.63083502
2015-12-10,381.372,386.06,375.0,381.999,161.36835321,61355.478359,380.22001922
2015-12-09,382.63,389.0,374.406,381.37,117.92294425,45115.7522235,382.586718051
2015-12-08,365.355,382.63,360.681,382.63,136.89613156,50278.2808211,367.273203765
2015-12-07,357.0,370.0,355.5,365.355,209.06156811,75980.3126829,363.435103686
2015-12-06,359.42,369.997,356.89,357.694,221.27567249,80087.5643631,361.935695243
2015-12-05,336.2,359.79,336.2,356.811,101.27568574,35114.9028111,346.725895308
2015-12-04,338.167,340.0,331.777,336.2,92.65350349,31129.4150474,335.976664398
2015-12-03,338.0,348.0,335.228,338.167,133.26299239,45648.5338993,342.544716134
2015-12-02,339.501,346.998,328.52,338.0,149.35421912,50395.1841582,337.420559359
2015-12-01,361.0,363.98,333.689,339.501,338.79607069,116215.681624,343.025470714
2015-11-30,355.99,367.54,355.01,361.0,184.02484357,66225.2238757,359.871105395
2015-11-29,342.5,355.99,341.403,355.99,95.0551929,32996.5900645,347.130851644
2015-11-28,340.23,354.999,336.1,342.5,150.54615717,51522.9142855,342.239983099
2015-11-27,332.21,347.99,329.29,342.769,137.24316935,46703.8535642,340.300022109
2015-11-26,315.5,349.284,313.567,333.581,328.53970805,108013.135505,328.767369236
2015-11-25,307.78,315.99,305.5,313.01,85.92697731,26791.2652915,311.791082734
2015-11-24,307.555,309.3,305.0,307.61,55.8033735,17135.1336401,307.062683945
2015-11-23,311.06,315.4,307.39,307.555,76.65570546,23798.4882592,310.45945134
2015-11-22,311.92,315.4,307.0,309.438,74.30257811,23053.1418426,310.26032244
2015-11-21,306.56,315.5,306.0,311.92,92.32792614,28932.6970518,313.368860987
2015-11-20,310.334,313.346,300.382,306.56,143.73344995,43983.2663902,306.005779486
2015-11-19,319.97,320.559,310.0,310.367,69.7959305,21970.7580576,314.785660141
2015-11-18,319.0,321.19,316.0,320.28,95.29346081,30240.6444417,317.342283349
2015-11-17,311.43,319.999,310.784,319.0,89.33954107,28262.7464845,316.352044637
2015-11-16,300.11,315.417,300.0,313.0,88.07322394,27032.6227219,306.933498202
2015-11-15,315.49,318.584,300.001,301.55,72.33657992,22388.8696079,309.509651032
2015-11-14,319.21,323.8,312.96,315.49,89.41197134,28441.1009283,318.090525263
2015-11-13,319.94,323.411,308.011,319.21,133.98080157,42217.3361917,315.099892649
2015-11-12,298.25,328.199,298.11,323.853,206.68603466,65177.2699668,315.344334096
2015-11-11,324.551,327.4,287.01,298.681,557.61861107,170317.603978,305.437445231
2015-11-10,354.57,362.997,315.0,324.1,362.56877549,123230.95437,339.882975866
2015-11-09,350.0,360.0,342.65,357.473,126.07641982,44296.5273909,351.34664717
2015-11-08,354.88,359.86,345.0,349.97,144.91260592,51063.4016353,352.373772531
2015-11-07,348.39,360.0,344.2,354.89,119.57478792,42429.3660366,354.835386076
2015-11-06,363.731,373.75,336.01,346.49,574.98447365,200169.798969,348.130789859
2015-11-05,375.689,410.0,340.0,363.4,469.47873787,171970.332023,366.300575833
2015-11-04,348.95,440.0,345.0,375.689,830.53950817,334517.178204,402.770939748
2015-11-03,315.303,373.917,307.1,348.98,428.26294767,144889.393098,338.318768613
2015-11-02,283.611,320.01,283.611,315.302,383.18747711,115226.658797,300.705700683
2015-11-01,278.38,287.001,276.0,284.07,102.76720522,28953.0351408,281.734188244
2015-10-31,288.705,290.0,276.0,277.944,375.51577679,106210.819268,282.839832125
2015-10-30,280.0,296.54,280.0,288.78,293.35939078,84746.4140288,288.882567568
2015-10-29,275.0,285.0,269.988,280.0,446.52509405,124263.496419,278.290062698
2015-10-28,263.2,275.0,261.54,275.0,245.30022581,66068.0602526,269.335505234
2015-10-27,256.322,264.98,255.086,263.27,195.29057546,50732.9013547,259.781616369
2015-10-26,253.94,259.1,252.101,255.22,106.0736933,27264.4072341,257.032694779
2015-10-25,250.12,263.0,250.12,253.94,108.81983076,28090.9014443,258.141381475
2015-10-24,246.971,251.7,246.2,251.7,145.02254408,36072.668333,248.738350039
2015-10-23,242.2,248.0,241.111,246.27,212.10570305,52143.8026611,245.838758276
2015-10-22,231.006,244.113,231.006,240.01,400.34332476,94878.9588513,236.993982373
2015-10-21,235.0,236.0,228.0,232.155,153.47644154,35677.3942259,232.461698147
2015-10-20,229.7,236.2,229.697,235.0,93.72498756,21884.8423862,233.500616601
2015-10-19,226.39,232.0,225.061,229.38,126.18809971,28846.7272518,228.601011649
2015-10-18,233.1,235.495,225.88,226.18,116.10089797,26825.7863673,231.055804359
2015-10-17,226.26,236.19,226.26,233.1,108.06877613,25076.1881805,232.039161342
2015-10-16,221.292,232.01,220.76,226.26,159.13663582,35837.2257146,225.197834113
2015-10-15,220.033,224.0,218.0,221.292,100.37425602,22170.621239,220.87955735
2015-10-14,218.11,222.7,216.411,218.0,93.18146522,20349.587145,218.386640486
2015-10-13,212.0,222.5,210.8,218.11,385.43146824,84164.9068795,218.36542632
2015-10-12,215.0,215.882,210.009,212.0,247.66926156,52789.5565291,213.14537055
2015-10-11,212.972,216.61,211.606,215.0,51.20010876,10990.7902552,214.66341618
2015-10-10,211.4,214.0,210.65,213.0,38.21952654,8091.50874115,211.711380901
2015-10-09,212.0,212.74,210.05,211.4,65.8924971,13946.9408173,211.662046987
2015-10-08,214.121,215.376,212.0,212.0,33.20005606,7093.26762339,213.652278495
2015-10-07,216.0,217.0,210.03,214.124,104.49314411,22410.3686442,214.467358936
2015-10-06,210.67,218.254,209.628,215.92,123.30870239,26245.1888467,212.841335105
2015-10-05,210.592,212.88,207.15,210.67,97.06915133,20418.7429165,210.3525439
2015-10-04,208.794,212.0,207.1,209.4,54.75706254,11474.5657097,209.554077181
2015-10-03,208.01,211.87,207.0,208.58,127.05715969,26601.3363397,209.365110983
2015-10-02,210.5,212.88,208.01,208.01,86.0114554,18079.3837239,210.197393356
2015-10-01,208.196,211.95,207.71,211.768,59.10164131,12414.4365303,210.052314202
2015-09-30,209.073,212.999,207.1,208.19,140.9141089,29528.4251621,209.549103299
2015-09-29,209.02,210.345,206.8,207.7,73.95215908,15455.7187347,208.996179787
2015-09-28,204.32,211.272,204.32,209.02,145.73479358,30152.9815757,206.903106904
2015-09-27,206.5,207.83,204.09,204.09,28.76874493,5924.31952179,205.929022493
2015-09-26,206.989,208.98,205.0,206.5,40.64398027,8395.35537849,206.558396169
2015-09-25,205.324,208.0,203.0,205.099,159.3728547,32929.5789258,206.619747056
2015-09-24,203.254,206.347,201.01,203.272,81.23289938,16519.7387185,203.362662721
2015-09-23,203.075,208.209,201.126,203.18,115.9890947,23646.4646879,203.867999393
2015-09-22,195.0,206.441,195.0,202.123,181.69182541,36747.6061146,202.252391002
2015-09-21,195.9,199.999,193.735,195.0,137.42962678,27147.854687,197.540045208
2015-09-20,197.12,199.778,194.712,195.9,49.33074416,9748.20037647,197.609027443
2015-09-19,198.494,200.0,191.149,196.045,130.14204126,25607.3980724,196.764994804
2015-09-18,203.1,206.31,117.5,198.492,249.94597468,46583.5220069,186.374363766
2015-09-17,196.0,206.305,195.994,203.1,101.59634029,20284.8730088,199.661453856
2015-09-16,195.99,200.648,193.651,196.0,67.50395382,13339.5200725,197.610944509
2015-09-15,195.19,199.746,190.68,198.18,202.19707177,39652.3562549,196.10747034
2015-09-14,199.577,202.12,191.373,195.2,148.33371274,29133.4410103,196.404717931
2015-09-13,208.04,210.455,199.533,201.69,99.97807607,20236.0753537,202.405128696
2015-09-12,209.87,211.9,205.17,207.07,58.14837868,12159.7521872,209.115928307
2015-09-11,209.316,213.976,209.001,210.01,22.49558652,4749.55217348,211.132622359
2015-09-10,209.243,212.0,205.0,211.27,48.65056082,10192.7286227,209.508964562
2015-09-09,218.0,219.13,208.1,209.1,95.79169122,20247.8613402,211.373878907
2015-09-08,212.054,220.0,212.004,215.97,147.78195136,32178.7760455,217.744966482
2015-09-07,211.538,215.0,207.334,212.048,135.60107889,28634.5263464,211.167393215
2015-09-06,209.4,216.0,207.44,210.681,73.25884152,15481.4784513,211.325733934
2015-09-05,204.673,211.035,204.33,207.44,65.20977459,13566.5657988,208.044973075
2015-09-04,204.359,207.09,202.049,207.09,66.66078002,13702.923318,205.562000834
2015-09-03,205.69,205.69,200.887,204.0,84.06980847,17063.3734786,202.966722407
2015-09-02,201.51,206.306,200.682,203.0,68.03195038,13807.7110577,202.959212261
2015-09-01,205.88,206.419,200.686,201.58,103.40211183,20997.5385827,203.066825339
2015-08-31,201.0,205.99,200.0,205.989,72.28239033,14665.5524755,202.892466735
2015-08-30,201.292,203.99,200.15,201.017,38.29601019,7740.05793599,202.111339996
2015-08-29,203.0,203.882,199.98,202.1,29.61979631,5974.23837517,201.697483421
2015-08-28,198.16,203.5,195.82,203.0,155.80574721,30979.810441,198.836121233
2015-08-27,201.483,202.961,196.5,199.488,46.95660965,9396.47354591,200.109710133
2015-08-26,195.502,203.0,193.01,201.219,269.2262466,52901.9528733,196.496268627
2015-08-25,181.231,198.01,174.29,195.019,228.35887615,41993.5027611,183.892579387
2015-08-24,204.85,206.16,181.231,181.231,293.65737444,57268.9881653,195.019751418
2015-08-23,208.126,208.616,203.388,204.85,54.75861953,11300.8304271,206.375371112
2015-08-22,212.253,212.579,202.002,205.95,59.44886361,12251.3341197,206.081889136
2015-08-21,216.715,217.877,207.8,211.987,154.43277386,32772.9954805,212.215287347
2015-08-20,208.34,219.24,205.91,214.66,124.64567258,26715.4351186,214.33102783
2015-08-19,214.646,224.417,201.1,207.53,308.81942211,65371.3019264,211.681316802
2015-08-18,236.221,238.13,211.0,214.586,256.88247542,58516.4901202,227.794792247
2015-08-17,235.41,238.698,235.0,236.221,39.52799583,9359.31133897,236.776774093
2015-08-16,239.911,239.911,235.1,237.881,66.69922978,15863.0712943,237.829902184
2015-08-15,238.006,242.0,238.0,239.916,79.81630836,19127.0963571,239.638950361
2015-08-14,239.449,241.85,237.1,238.0,25.46319979,6094.43407758,239.34282132
2015-08-13,242.065,242.642,235.0,237.516,109.44974014,26132.3711616,238.761381508
2015-08-12,245.0,246.0,240.102,240.102,50.13714279,12153.6946657,242.409000381
2015-08-11,241.12,246.0,240.5,245.0,95.39418789,23144.3019931,242.617527388
2015-08-10,245.049,245.38,241.0,242.0,82.86915147,20086.1501437,242.383924384
2015-08-09,240.61,248.478,239.11,242.729,170.22913963,41161.177655,241.798658822
2015-08-08,255.5,255.844,238.01,240.35,126.04897508,31264.7858483,248.036811314
2015-08-07,259.348,259.348,252.944,255.489,164.26331319,42112.9639779,256.374738583
2015-08-06,257.7,259.79,256.001,256.252,74.72862018,19278.1203292,257.975060729
2015-08-05,258.123,260.193,257.5,257.7,49.22216467,12749.4532132,259.018539691
2015-08-04,258.138,261.0,255.0,260.189,72.59169636,18694.7839989,257.533367262
2015-08-03,259.74,261.556,255.792,258.777,56.21750765,14581.2683299,259.372372406
2015-08-02,256.471,260.0,253.0,256.001,42.98992537,11010.4258745,256.116422155
2015-08-01,255.81,259.0,254.75,256.39,65.12056828,16669.3026525,255.976001021
2015-07-31,257.11,260.98,255.0,255.702,52.71586228,13549.4963318,257.028828626
2015-07-30,258.836,262.101,255.341,257.03,72.5339483,18805.2178728,259.260915938
2015-07-29,255.12,259.999,254.536,257.56,45.53171676,11696.1763171,256.879756561
2015-07-28,258.96,260.58,255.0,255.121,119.29488598,30798.6619731,258.172525336
2015-07-27,262.0,263.0,253.18,256.33,108.14987896,27802.6280546,257.074980776
2015-07-26,258.67,263.29,257.8,262.0,38.96797642,10091.3954334,258.966370863
2015-07-25,259.3,261.87,255.01,257.97,56.60534186,14631.8584064,258.489003433
2015-07-24,250.9,267.422,249.0,257.4,208.78312632,53825.5010708,257.805800783
2015-07-23,249.3,255.0,249.15,250.5,62.96128816,15905.3571435,252.621215486
2015-07-22,249.893,253.01,248.0,249.3,34.03095416,8536.4701065,250.844277429
2015-07-21,252.2,255.0,249.5,249.893,95.63513962,24159.2194325,252.618645494
2015-07-20,248.518,255.0,246.26,252.2,42.12177586,10585.8311423,251.314929776
2015-07-19,246.0,253.404,242.392,246.1,100.51848358,24931.7814385,248.031810176
2015-07-18,254.39,256.0,210.0,246.0,246.26847314,58173.6694638,236.220530879
2015-07-17,256.89,256.89,248.918,254.39,46.96555929,11882.3253015,253.000826161
2015-07-16,250.964,264.95,248.518,253.605,105.25460621,26894.0146986,255.513897843
2015-07-15,253.689,266.94,238.0,251.0,136.64820368,34918.7624472,255.537661725
2015-07-14,255.12,259.39,250.41,251.27,51.10232719,12983.4912224,254.068492304
2015-07-13,271.0,271.0,235.04,252.802,114.94905987,29163.366977,253.706876855
2015-07-12,261.19,275.0,260.57,270.0,241.10815194,65007.0505251,269.617804301
2015-07-11,255.39,270.0,251.008,260.5,171.89205509,45061.9209955,262.152436143
2015-07-10,243.8,269.0,238.59,251.41,804.85995419,204516.613668,254.102111309
2015-07-09,244.35,252.82,240.0,243.775,233.46098198,57303.3992092,245.451718412
2015-07-08,241.9,250.882,240.37,245.1,129.01041085,31626.1188001,245.143927469
2015-07-07,245.8,248.0,240.17,241.9,127.52316971,31052.9637157,243.508405463
2015-07-06,247.66,252.87,242.673,245.7,174.21566597,43176.5681424,247.834015971
2015-07-05,234.9,249.643,232.601,247.77,189.50176089,46167.5470507,243.625952782
2015-07-04,232.2,236.4,228.02,234.9,71.78354985,16647.0264672,231.905868434
2015-07-03,232.999,234.67,229.0,232.243,177.88664644,41169.7998268,231.438394341
2015-07-02,232.6,235.9,232.0,232.136,89.05578271,20781.1263654,233.349544892
2015-07-01,233.0,233.0,232.7,233.0,0.8794521,204.87423276,232.956670136
2015-06-30,0.0,0.0,0.0,0.0,0.0,0.0,0.0
2015-06-29,0.0,0.0,0.0,0.0,0.0,0.0,0.0
2015-06-28,0.0,0.0,0.0,0.0,0.0,0.0,0.0
2015-06-27,0.0,0.0,0.0,0.0,0.0,0.0,0.0
2015-06-26,0.0,0.0,0.0,0.0,0.0,0.0,0.0
2015-06-25,0.0,0.0,0.0,0.0,0.0,0.0,0.0
2015-06-24,215.0,215.5,213.8,214.047,12.98432761,2778.86595326,214.016931545
2015-06-23,217.4,217.6,213.2,213.5,64.55003358,13880.3848444,215.032960862
2015-06-22,215.4,218.303,214.3,217.2,64.67424774,14009.8891142,216.622374496
2015-06-21,216.399,217.8,212.62,215.4,57.9895191,12457.267259,214.819288939
2015-06-20,215.6,217.53,212.0,216.399,78.92632665,16934.3623467,214.559109305
2015-06-19,217.0,219.0,214.29,215.78,100.31237573,21706.1185628,216.385250622
2015-06-18,218.43,222.0,214.6,218.896,114.5290489,24884.9056287,217.280295853
2015-06-17,220.95,222.5,215.0,217.914,157.03257395,34250.8767065,218.113196803
2015-06-16,209.193,223.0,207.4,215.843,237.30610172,51147.1587751,215.532421646
2015-06-15,205.559,209.75,205.0,207.4,53.36917011,11103.9010821,208.058342657
2015-06-14,203.356,206.18,202.81,206.18,16.73818404,3424.72339304,204.605432994
2015-06-13,201.0,206.99,200.5,203.356,96.02229509,19614.7474912,204.272845935
2015-06-12,200.84,203.5,200.79,201.37,34.45140746,6969.82478042,202.308854537
2015-06-11,199.909,203.0,199.38,202.937,79.01575237,15913.1896491,201.392623265
2015-06-10,204.542,206.0,196.589,202.16,72.13253885,14545.5935815,201.650930543
2015-06-09,202.4,205.97,201.501,204.405,80.20587807,16331.4842019,203.619542543
2015-06-08,202.29,204.1,200.1,202.4,66.37461969,13424.4083886,202.252132687
2015-06-07,203.0,205.77,202.29,202.29,52.67103111,10700.7899033,203.162719199
2015-06-06,204.0,205.3,202.2,203.8,29.04751572,5921.04522054,203.839986786
2015-06-05,201.0,205.03,200.1,202.2,46.37691929,9377.60818173,202.204206862
2015-06-04,203.8,205.02,201.0,201.2,83.79077818,16978.3960059,202.628455955
2015-06-03,204.4,206.459,201.6,203.8,73.87489914,15037.9935505,203.560258296
2015-06-02,205.4,208.499,204.01,204.5,35.13970175,7231.97662275,205.806431546
2015-06-01,210.589,211.29,204.0,205.1,77.53483171,16013.0634923,206.527352148
2015-05-31,212.015,213.93,208.4,208.5,92.96426438,19689.2453659,211.793698333
2015-05-30,215.0,215.61,211.0,212.015,68.96943518,14700.0990988,213.139328464
2015-05-29,216.19,216.2,213.0,215.0,14.5740008,3133.57750843,215.011481846
2015-05-28,215.8,218.97,212.857,213.0,71.75101962,15455.7889001,215.408630873
2015-05-27,215.3,216.5,210.9,214.8,155.66302221,33134.7255271,212.861892675
2015-05-26,215.544,217.81,214.001,215.3,53.94882006,11622.1987199,215.430081825
2015-05-25,213.51,217.3,212.13,215.544,90.9161327,19561.6527473,215.161513874
2015-05-24,215.28,217.3,213.0,215.16,77.20557075,16566.1571635,214.572044512
2015-05-23,214.8,217.19,212.5,215.45,34.84792487,7488.87002266,214.901462586
2015-05-22,210.311,216.5,210.0,215.6,87.48102008,18643.1495855,213.110793272
2015-05-21,209.015,213.93,209.002,210.311,44.33601697,9368.82857667,211.314168862
2015-05-20,207.5,212.1,207.13,210.8,58.06363779,12150.1813929,209.256289398
2015-05-19,207.2,209.99,207.131,207.5,65.40826565,13624.04478,208.292402262
2015-05-18,210.0,210.739,207.13,207.131,51.26079721,10722.2770232,209.171093833
2015-05-17,209.236,210.74,207.901,210.0,22.26610776,4655.48117467,209.083743996
2015-05-16,210.2,214.0,208.45,209.236,56.40296961,11876.7513669,210.569610944
2015-05-15,214.0,216.5,208.889,212.766,71.49354786,15179.3956575,212.318399517
2015-05-14,213.781,219.846,210.0,213.0,286.44957918,61229.6293447,213.753602013
2015-05-13,216.2,219.99,213.111,215.404,151.94935657,32920.2943346,216.65306835
2015-05-12,217.001,219.946,216.2,217.066,34.54644613,7529.83438755,217.962633818
2015-05-11,216.25,219.975,215.8,217.001,67.51544785,14690.2132848,217.582994005
2015-05-10,217.0,219.99,215.801,216.63,37.63601805,8182.04531996,217.399335634
2015-05-09,217.1,221.0,215.0,217.0,51.59259812,11214.3333425,217.363221686
2015-05-08,211.7,219.84,210.847,218.05,88.83975314,19174.301934,215.830202767
2015-05-07,205.63,216.99,205.63,211.7,105.02953319,22070.3760783,210.13495355
2015-05-06,213.25,213.25,205.0,207.27,87.6945659,18383.8278998,209.634744309
2015-05-05,215.963,217.8,212.87,213.13,81.66206368,17475.5746298,213.99868975
2015-05-04,217.304,223.527,215.178,217.495,50.36933251,10977.7123471,217.944368131
2015-05-03,214.65,225.0,213.129,219.32,53.89145248,11810.2917087,219.149626985
2015-05-02,211.11,223.0,209.26,215.0,66.25703668,14225.6646059,214.704208318
2015-05-01,212.0,215.0,209.0,210.493,21.86885254,4630.33740393,211.73206941
2015-04-30,207.839,215.769,206.0,214.36,244.67317826,51297.76872,209.658324974
2015-04-29,213.0,270.0,207.0,209.2,522.36668708,114996.154971,220.144503497
2015-04-28,216.5,217.56,208.565,212.685,53.5486472,11393.6585379,212.772107862
2015-04-27,204.592,224.123,203.759,215.648,88.7319371,18786.4501558,211.721402347
2015-04-26,213.136,213.136,202.23,204.592,80.68042566,16612.1947798,205.901179176
2015-04-25,215.0,216.67,210.658,211.48,37.97684841,8138.98691475,214.314437756
2015-04-24,219.42,222.482,213.7,216.677,85.62328062,18653.130657,217.851155923
2015-04-23,220.1,224.367,217.107,221.671,58.29202536,12863.2681488,220.669432385
2015-04-22,219.23,223.477,217.3,217.3,36.11929839,7951.17835212,220.136567058
2015-04-21,212.0,221.856,210.0,220.69,94.65920386,20260.1189257,214.032213451
2015-04-20,210.6,214.8,208.883,212.0,57.74748749,12286.4539464,212.761705842
2015-04-19,212.357,215.38,210.6,212.104,13.86283569,2967.14507048,214.035940181
2015-04-18,211.8,214.6,208.3,212.357,35.11030576,7440.74508508,211.92481592
2015-04-17,215.6,216.797,210.0,211.8,98.78908635,21010.9236248,212.684663874
2015-04-16,213.1,218.065,212.419,216.069,38.02469082,8208.35802316,215.869158858
2015-04-15,207.939,214.5,207.15,212.264,74.96587461,15878.3926222,211.808275496
2015-04-14,216.638,216.969,206.0,207.939,197.61420677,41619.9660319,210.612216157
2015-04-13,223.082,226.15,212.51,215.0,200.34794387,44028.7054147,219.761204254
2015-04-12,224.95,224.95,220.081,223.037,32.11087888,7163.30076357,223.080183832
2015-04-11,225.431,229.0,223.65,224.95,40.85104413,9187.83656403,224.910691017
2015-04-10,228.638,230.576,224.0,224.874,252.06447898,57111.8595883,226.576389579
2015-04-09,229.016,232.0,226.39,228.578,113.38481712,25882.6901597,228.272980608
2015-04-08,236.85,236.85,227.45,229.016,78.60061641,18152.6039044,230.947347916
2015-04-07,235.73,238.126,233.0,235.11,90.98919146,21447.6875006,235.716870944
2015-04-06,240.336,243.432,235.012,235.679,66.66637681,15898.0654804,238.472019047
2015-04-05,235.974,240.0,233.201,239.0,55.56669582,13183.3818171,237.253297546
2015-04-04,236.78,238.74,232.5,235.984,96.19145418,22706.5943868,236.056254481
2015-04-03,234.0,237.99,232.681,236.8,55.85246538,13150.1352398,235.444132149
2015-04-02,231.571,236.968,229.011,235.0,69.71221433,16249.2085274,233.089834882
2015-04-01,229.737,233.66,228.0,230.299,87.94770909,20257.4430444,230.33508495
2015-03-31,233.2,236.975,227.461,229.674,112.82325792,26121.604981,231.526774378
2015-03-30,227.504,234.987,224.0,232.751,68.68183577,15828.6978727,230.464105906
2015-03-29,233.18,235.354,225.001,227.44,64.66581782,14778.4299402,228.535421625
2015-03-28,232.0,238.871,229.9,233.22,56.44229927,13230.2165692,234.402509117
2015-03-27,233.123,233.39,229.5,230.564,41.91745281,9685.22819501,231.054788537
2015-03-26,228.866,238.0,225.55,232.729,152.87737698,35627.5801072,233.046777823
2015-03-25,232.27,236.84,223.511,229.5,168.3773842,38611.6697651,229.316246648
2015-03-24,250.784,251.784,231.801,232.002,196.80943918,47248.0965832,240.070277016
2015-03-23,251.19,257.3,248.1,251.84,150.59013696,37946.2757113,251.983805031
2015-03-22,246.483,256.0,245.0,254.56,32.97489434,8265.78919401,250.669163903
2015-03-21,246.75,250.69,243.1,245.763,58.73749227,14453.085311,246.062348807
2015-03-20,249.0,251.68,243.5,248.0,84.03515041,20885.9440391,248.538188332
2015-03-19,242.53,259.832,239.937,247.278,222.3154478,55102.9744142,247.859404101
2015-03-18,270.01,271.948,238.8,244.928,481.93811695,123183.38265,255.599999913
2015-03-17,276.407,277.2,270.01,270.01,77.51238132,21156.7429772,272.946626292
2015-03-16,274.7,279.0,273.143,274.99,134.48336082,37212.7599104,276.709026927
2015-03-15,269.051,275.362,268.3,274.008,57.21061211,15604.5439775,272.756109434
2015-03-14,272.2,275.01,267.921,270.648,60.23824338,16306.5643483,270.701193018
2015-03-13,277.9,279.314,272.2,272.2,91.65173734,25307.8088089,276.13015905
2015-03-12,278.5,293.75,276.0,278.0,121.84922528,34163.4736828,280.374976569
2015-03-11,268.8,280.0,267.7,278.584,138.74857518,38120.9738748,274.748579042
2015-03-10,265.5,278.6,265.25,268.8,236.18267638,64095.2980701,271.380183562
2015-03-09,248.5,269.34,247.8,265.4,134.41133076,34907.6628221,259.707739108
2015-03-08,250.3,251.4,246.33,247.04,31.35121536,7779.41140057,248.137474456
2015-03-07,245.0,253.0,242.633,248.633,72.75624021,17975.8516426,247.06955157
2015-03-06,243.99,248.3,241.111,245.0,82.72837922,20289.0081741,245.248466916
2015-03-05,236.848,249.0,231.652,244.0,239.53067552,57003.4195747,237.979621821
2015-03-04,243.768,253.038,233.117,238.496,223.51474253,54287.3988223,242.880618109
2015-03-03,236.0,249.77,231.002,241.47,174.73145132,41252.514711,236.09095214
2015-03-02,223.3,238.66,216.8,237.543,167.0885984,38376.5855075,229.678062268
2015-03-01,217.72,223.3,211.01,223.288,122.35634327,26426.0418365,215.976067364
2015-02-28,218.05,220.0,216.0,217.947,74.00241008,16198.6630953,218.893723567
2015-02-27,205.9,221.02,204.076,218.05,231.00230914,49896.0488117,215.99805213
2015-02-26,204.0,205.69,202.301,204.2,59.42879324,12117.8103428,203.904701444
2015-02-25,204.14,206.412,203.011,204.01,32.75946147,6693.59690815,204.32560878
2015-02-24,205.96,207.818,201.5,204.17,95.79302529,19643.646595,205.063432703
2015-02-23,203.998,206.0,200.12,205.96,72.89443044,14790.2918815,202.90016387
2015-02-22,212.037,212.037,201.02,203.998,61.92873243,12742.2075006,205.755987579
2015-02-21,210.004,213.998,209.007,210.723,61.35793075,12968.0345415,211.350584725
2015-02-20,208.0,213.06,206.0,210.006,69.65773228,14646.6675366,210.266212483
2015-02-19,207.252,212.8,204.831,208.5,50.05576062,10365.754435,207.084145892
2015-02-18,211.695,214.5,203.504,205.088,197.17932225,41318.5924083,209.548303224
2015-02-17,206.5,215.0,205.0,211.061,123.9426061,26079.2156288,210.413645876
2015-02-16,205.889,211.39,200.24,206.5,98.14182618,20296.8374685,206.811287894
2015-02-15,218.139,230.0,198.73,206.195,249.92419253,53207.8617475,212.89600342
2015-02-14,201.2,220.0,200.693,218.731,209.82388832,44554.7127351,212.343375637
2015-02-13,191.89,206.0,190.123,200.003,289.83923081,57927.163798,199.859638173
2015-02-12,191.934,194.207,190.3,193.0,99.12341434,19035.8626914,192.042039897
2015-02-11,195.999,197.28,191.24,193.99,108.37822538,21063.1063853,194.348138766
2015-02-10,194.838,197.1,190.0,195.81,211.20337835,40783.9133967,193.102561689
2015-02-09,197.628,198.9,192.001,195.623,123.18620741,24038.0499724,195.135888001
2015-02-08,200.387,202.5,194.02,197.628,55.09477122,10914.3488448,198.101355231
2015-02-07,195.8,203.6,195.2,201.392,98.2212265,19659.8191347,200.158558748
2015-02-06,196.6,199.585,191.462,196.79,171.85369872,33661.5603948,195.87335417
2015-02-05,203.0,204.959,195.0,197.4,222.26682759,44153.7264791,198.651894922
2015-02-04,203.882,206.45,199.3,201.556,88.15593634,17836.871558,202.333187061
2015-02-03,210.04,216.8,202.3,203.882,171.49128609,35914.3822111,209.423948178
2015-02-02,203.8,215.0,199.0,210.04,99.7938281,20465.8365037,205.081184813
2015-02-01,196.205,209.0,192.223,205.004,65.65035674,13065.8586186,199.021898241
2015-01-31,202.0,207.797,196.11,197.888,121.90438393,24800.4946331,203.442188325
2015-01-30,206.929,214.3,202.3,202.3,116.67964196,24290.2601584,208.179076919
2015-01-29,205.029,214.28,196.689,205.3,179.24105089,36552.272228,203.928017865
2015-01-28,228.949,233.41,200.178,205.763,252.69236081,54305.1300802,214.906101261
2015-01-27,239.348,243.721,221.0,231.389,144.02419835,32919.6548086,228.570304058
2015-01-26,229.943,274.0,227.255,239.348,536.55702324,133666.290833,249.11851871
2015-01-25,221.417,230.999,216.112,227.33,139.47256474,31188.2690402,223.615799267
2015-01-24,206.869,225.366,206.25,221.839,174.83031199,37856.6283972,216.533551684
2015-01-23,204.99,209.999,199.0,208.94,63.90134427,13114.21142,205.225908309
2015-01-22,197.383,208.2,196.864,204.567,70.41778758,14288.0801029,202.904416539
2015-01-21,186.117,199.999,184.096,197.38,86.59094381,16452.9360853,190.007584644
2015-01-20,185.185,187.657,181.895,184.15,218.49859086,40667.9784967,186.124671727
2015-01-19,181.874,189.767,180.345,186.88,95.8872673,17750.781157,185.121358204
2015-01-18,174.0,190.43,169.1,181.424,97.03174151,17577.0454833,181.147377238
2015-01-17,180.457,185.0,171.551,173.5,95.7993203,16878.56511,176.186689604
2015-01-16,180.846,193.094,173.133,181.181,130.32214699,23995.2901125,184.122888294
2015-01-15,149.478,198.125,148.38,181.23,657.01317437,115144.46651,175.254425636
2015-01-14,190.17,191.233,144.0,149.477,1023.80654495,172183.113184,168.179344069
2015-01-13,229.53,229.54,189.5,193.227,1053.83919432,216059.769599,205.021573275
2015-01-12,231.003,233.99,227.0,229.727,64.2730737,14769.4798261,229.792648396
2015-01-11,234.0,240.486,227.0,227.939,96.30192565,22263.2827167,231.182113612
2015-01-10,243.545,247.27,232.0,234.33,82.72506355,19691.7900058,238.038983118
2015-01-09,241.01,248.572,237.844,246.003,76.06919524,18509.3632354,243.322716601
2015-01-08,246.86,248.69,241.3,241.3,121.28743449,29627.3275152,244.273676328
2015-01-07,241.09,256.3,237.017,248.943,153.77597355,37588.7413019,244.438324363
2015-01-06,228.0,241.75,227.0,241.1,210.45854676,49140.4454702,233.492277822
2015-01-05,226.0,235.3,222.584,231.179,179.07514082,40956.0923646,228.708977567
2015-01-04,237.0,242.8,220.3,225.077,554.29160051,127604.760203,230.212328828
2015-01-03,263.049,263.049,237.158,238.111,261.17167444,65517.6122389,250.860329243
2015-01-02,260.64,265.216,260.64,264.459,38.66894473,10194.2066293,263.627743152
2015-01-01,267.5,269.0,260.64,262.902,25.92515797,6839.9689829,263.835190158
2014-12-31,260.641,267.0,260.64,267.0,11.52523575,3050.01075255,264.637602103
2014-12-30,261.0,266.736,260.64,260.64,35.49641752,9343.99098993,263.237578403
2014-12-29,266.36,268.33,261.0,261.0,25.61561378,6743.25661038,263.247902951
2014-12-28,263.98,267.12,261.0,266.54,16.11443846,4241.18112049,263.191369095
2014-12-27,273.1,274.45,262.352,266.66,71.59441005,19101.4636585,266.801048366
2014-12-26,267.53,276.77,267.53,276.54,31.18621485,8473.1733991,271.696114449
2014-12-25,269.734,273.72,267.53,267.53,55.03379107,14821.0621646,269.308399012
2014-12-24,276.659,278.62,267.44,268.0,86.31373639,23482.2488894,272.056915522
2014-12-23,276.91,278.966,271.0,275.68,76.0031108,20976.5460414,275.995887807
2014-12-22,265.559,276.566,264.155,271.7,127.29211339,34343.6122132,269.801571351
2014-12-21,274.261,274.261,265.0,267.878,13.85855355,3707.46717357,267.521943051
2014-12-20,259.374,276.586,258.83,274.261,44.70529124,12135.7555216,271.461278631
2014-12-19,261.302,265.0,255.0,259.426,101.87408024,26482.9442031,259.957627502
2014-12-18,262.681,266.558,252.528,255.061,67.10964886,17398.2340819,259.250858519
2014-12-17,263.053,271.5,255.0,262.679,152.25114525,39676.4878176,260.598944937
2014-12-16,281.0,281.7,263.0,263.586,161.09048074,43392.0591861,269.364514816
2014-12-15,287.446,293.0,278.5,280.5,61.37836892,17321.9741901,282.216267634
2014-12-14,284.0,291.46,282.0,287.3,22.35923726,6396.12209192,286.061729993
2014-12-13,289.83,289.83,283.3,285.0,39.87328727,11402.0548545,285.9572319
2014-12-12,286.0,293.49,285.1,288.278,85.5203526,24717.3874455,289.023451074
2014-12-11,283.0,296.924,280.0,286.01,75.5077546,21757.2417981,288.145792619
2014-12-10,288.1,292.78,283.0,283.0,75.41769209,21554.6334428,285.803408265
2014-12-09,297.474,297.474,283.015,288.1,175.55336145,50800.4277153,289.373141566
2014-12-08,302.494,304.89,296.0,296.0,65.23837771,19567.9944421,299.946061337
2014-12-07,301.0,305.874,300.24,302.466,31.56171868,9580.86007107,303.559516775
2014-12-06,304.135,305.999,299.0,301.0,29.92068511,9048.29052764,302.409202676
2014-12-05,297.656,306.653,295.13,300.83,49.1321367,14777.6311514,300.77322388
2014-12-04,301.627,305.0,297.13,298.692,126.18531363,37924.7298155,300.547890436
2014-12-03,305.0,306.0,300.39,301.627,46.96922595,14263.9787903,303.687755158
2014-12-02,305.03,307.964,303.0,305.0,100.44803534,30622.1870884,304.856008231
2014-12-01,305.18,308.0,303.396,305.03,52.84093184,16153.9283782,305.70862049
2014-11-30,303.02,306.517,301.9,303.0,13.94337542,4231.06437818,303.446206584
2014-11-29,304.901,311.822,300.0,303.01,59.97321005,18374.8980847,306.385102105
2014-11-28,294.748,308.57,290.0,305.648,85.71837931,25483.5994997,297.294462457
2014-11-27,294.487,300.325,294.487,297.27,14.65566188,4347.52042009,296.644426958
2014-11-26,302.226,305.252,293.06,293.06,43.72441962,13051.143461,298.486373849
2014-11-25,300.01,310.866,299.699,304.739,80.17485438,24396.1754541,304.287118982
2014-11-24,291.601,312.0,291.36,300.01,100.00053681,30254.186441,302.540240344
2014-11-23,280.04,299.0,280.04,294.38,57.3326136,16778.5630037,292.653028533
2014-11-22,282.39,292.0,276.0,283.74,73.67260756,20797.2464815,282.292797422
2014-11-21,286.355,290.0,276.79,282.39,71.86529228,20281.4882196,282.215344517
2014-11-20,299.572,301.0,285.0,288.18,124.8427355,36097.5366877,289.144070283
2014-11-19,297.161,304.005,295.0,297.177,43.14728284,12874.8056241,298.392037149
2014-11-18,306.0,311.73,295.0,296.445,108.49331833,32613.4969678,300.603737353
2014-11-17,309.12,322.0,300.0,306.0,98.16772852,30413.4094618,309.810667113
2014-11-16,299.536,311.875,298.842,309.0,23.6463788,7235.48415969,305.986985191
2014-11-15,316.0,320.186,298.5,300.456,177.96711172,53618.7021135,301.284330545
2014-11-14,323.002,327.952,300.214,314.0,149.3580019,46904.035833,314.037649382
2014-11-13,327.283,349.0,306.038,326.732,232.99015621,76721.2475142,329.289652242
2014-11-12,289.19,338.827,286.87,327.526,217.65633947,68300.7671459,313.800954809
2014-11-11,287.0,294.0,286.11,287.034,39.75661743,11470.3386156,288.513947039
2014-11-10,282.97,298.0,279.675,288.0,137.2124978,39361.3906854,286.864471651
2014-11-09,272.304,283.0,272.003,282.97,34.18622682,9562.43693466,279.716067673
2014-11-08,273.342,275.69,270.13,274.403,14.69322373,4016.36275163,273.347961307
2014-11-07,275.503,277.0,270.0,273.143,31.9720332,8709.42229976,272.407520825
2014-11-06,265.142,279.0,262.001,275.606,58.90488431,15732.3448992,267.080482094
2014-11-05,260.0,271.029,257.763,265.075,64.44798448,16987.1869326,263.579801132
2014-11-04,257.511,260.368,255.0,260.0,65.77587209,16924.5766465,257.306761715
2014-11-03,258.72,269.893,255.001,257.515,56.08818625,14559.2389673,259.577639084
2014-11-02,259.628,261.5,256.11,258.72,19.69679081,5092.81822551,258.560811994
2014-11-01,264.432,268.812,256.015,256.67,27.89526138,7266.72790378,260.500441447
2014-10-31,272.024,275.0,263.38,265.779,56.74551203,15261.3406903,268.943571824
2014-10-30,260.056,277.0,259.8,268.634,87.17886864,23275.0018949,266.979857137
2014-10-29,278.786,278.887,260.03,262.886,132.90728359,35520.9417669,267.261062053
2014-10-28,276.592,283.784,276.111,278.786,38.0353517,10653.1429332,280.085301096
2014-10-27,284.1,287.373,265.0,277.605,564.57492834,152138.369541,269.474186514
2014-10-26,282.622,289.827,282.073,284.0,19.96270155,5719.32509386,286.500556026
2014-10-25,292.106,292.681,277.285,284.141,80.86166511,23061.9926656,285.203039465
2014-10-24,291.0,300.0,282.424,292.106,213.62536852,62281.6918314,291.546328336
2014-10-23,302.322,305.24,290.679,291.0,252.48529628,75029.900762,297.165426531
2014-10-22,304.637,306.907,300.611,302.322,18.86577045,5740.96557633,304.30591698
2014-10-21,303.537,310.0,301.0,304.637,47.15712786,14352.2544251,304.349630192
2014-10-20,307.971,307.971,300.0,305.652,57.61193955,17425.6284448,302.46557538
2014-10-19,307.3,311.0,301.0,306.076,51.48154742,15677.1058121,304.518931496
2014-10-18,306.2,311.347,300.65,307.3,57.37785174,17575.9664757,306.31970251
2014-10-17,302.198,307.0,299.518,306.179,151.80882662,46174.5913938,304.162758002
2014-10-16,311.0,314.0,294.0,304.9,122.95936543,37163.9832096,302.246055676
2014-10-15,320.0,322.918,308.0,313.508,60.49600973,19005.5280661,314.161680264
2014-10-14,308.395,332.0,308.0,320.0,222.34249346,71491.3821334,321.537197055
2014-10-13,299.8,315.0,291.0,307.586,87.68231451,26308.6704091,300.045346159
2014-10-12,287.5,304.999,280.551,303.261,81.89520712,24116.7100112,294.482557152
2014-10-11,286.887,294.06,281.886,290.176,41.4433584,11910.0150262,287.380547475
2014-10-10,290.977,299.944,281.221,286.887,58.80968736,16954.8997093,288.301136605
2014-10-09,285.0,306.776,278.899,290.977,152.95862468,45020.4199684,294.330705853
2014-10-08,268.98,284.681,261.618,282.072,121.24023251,33409.04049,275.560676504
2014-10-07,268.878,275.634,254.0,268.98,114.52886434,30295.532956,264.523123761
2014-10-06,256.299,284.158,241.069,264.8,171.81580491,45890.77742,267.092875676
2014-10-05,264.172,282.879,237.0,256.299,394.77248952,99457.7086856,251.93677707
2014-10-04,290.488,295.664,263.0,267.0,252.2005731,69163.7273791,274.240960395
2014-10-03,302.137,304.951,286.0,290.488,186.9449483,54887.1564947,293.600640155
2014-10-02,309.422,309.422,300.0,300.0,73.25614265,22159.3362987,302.491169984
2014-10-01,307.295,314.0,305.001,309.0,152.24520108,47037.6084775,308.959547781
2014-09-30,298.05,314.0,298.0,307.295,152.33854279,46455.1976749,304.947105467
2014-09-29,303.84,313.0,297.313,298.08,103.50442164,31691.3909858,306.183933823
2014-09-28,316.998,321.566,296.802,298.513,80.78330343,24857.3204776,307.703689032
2014-09-27,322.0,325.306,316.0,320.847,11.46330163,3657.53194207,319.064442351
2014-09-26,324.725,331.68,315.003,322.0,95.05797419,30738.5859444,323.36672653
2014-09-25,335.537,335.537,321.5,328.188,85.7908567,28040.5636181,326.847926418
2014-09-24,344.326,346.0,331.55,334.743,143.25463921,48594.8294334,339.219935224
2014-09-23,316.8,360.575,313.832,344.984,258.59764636,86410.2281454,334.149321781
2014-09-22,312.218,323.0,309.915,316.757,101.73340077,32275.0876917,317.251634639
2014-09-21,321.78,329.242,306.0,316.468,107.412912,33927.7877239,315.863215065
2014-09-20,310.0,336.5,308.0,323.787,100.25555833,32404.5192124,323.219178589
2014-09-19,328.464,337.224,301.0,310.0,194.60069444,61012.4296369,313.526268817
2014-09-18,362.11,363.0,315.0,328.464,386.36998065,129631.452683,335.511191797
2014-09-17,362.729,387.0,351.2,362.11,164.80748623,59844.7320653,363.119015005
2014-09-16,370.0,375.0,361.01,362.72,94.04449677,34344.5467866,365.194646855
2014-09-15,379.442,381.294,370.0,370.0,86.70041685,32425.912758,373.999502379
2014-09-14,382.0,383.584,376.0,376.0,26.37216259,9983.024919,378.544038053
2014-09-13,377.025,383.0,376.681,382.0,22.50434178,8528.42124723,378.96781566
2014-09-12,382.088,382.089,377.0,377.025,39.74328266,15026.0204078,378.076983131
2014-09-11,385.0,390.0,377.2,377.686,219.44791534,83806.2689859,381.895944904
2014-09-10,379.155,397.852,379.155,385.0,314.25351137,121622.284595,387.019651952
2014-09-09,384.0,387.0,377.0,381.657,524.5744795,199418.752124,380.153362233
2014-09-08,381.545,3200.0,360.1,385.0,2959.16260886,1409661.83653,476.371873688
2014-09-07,378.5,382.988,375.0,381.601,22.92572038,8678.4721521,378.547413484
2014-09-06,379.936,382.5,370.055,378.5,6.70824061,2538.78113256,378.457076923
2014-09-05,384.891,384.891,370.0,375.0,45.35778099,17192.7437359,379.047284956
2014-09-04,370.0,388.85,370.0,381.987,86.34324625,33002.9939919,382.230173467
2014-09-03,370.0,375.241,370.0,370.0,77.59317358,28750.8672548,370.533462267
2014-09-02,370.857,376.0,366.0,370.0,70.55564071,26159.714148,370.767154614
2014-09-01,368.677,382.73,368.0,373.363,80.09751512,29953.1419955,373.958442414
2014-08-31,383.5,383.5,364.346,368.321,63.4400053,23706.4250159,373.682582526
2014-08-30,388.0,390.598,380.988,383.5,14.80779896,5719.07565266,386.220509078
2014-08-29,388.0,390.598,381.528,388.0,32.31040434,12494.6881982,386.707887239
2014-08-28,393.11,398.09,385.0,389.791,54.03596782,21104.0150675,390.554956613
2014-08-27,395.1,398.1,389.14,398.1,41.90016574,16578.4196855,395.664775847
2014-08-26,387.831,396.989,387.45,391.85,25.93322156,10173.1809559,392.283732756
2014-08-25,388.701,395.315,383.24,386.019,18.02731471,6994.50384954,387.994771382
2014-08-24,383.224,394.93,380.021,394.13,53.69039108,20848.2643108,388.305316677
2014-08-23,395.84,463.0,378.122,386.066,158.68155284,67135.5319412,423.083406607
2014-08-22,391.077,405.538,384.394,400.508,74.39086486,29320.0576477,394.13518989
2014-08-21,390.494,407.0,383.196,390.27,81.81185194,32521.8278442,397.519761172
2014-08-20,369.604,397.45,357.0,393.3,115.86714234,43877.3404456,378.686654037
2014-08-19,349.369,377.128,338.974,369.604,120.31549105,43864.2253887,364.576705842
2014-08-18,376.485,382.925,275.0,349.53,319.63879278,108650.876147,339.917677706
2014-08-17,392.894,401.445,374.23,379.515,66.793925,25604.2866251,383.332565425
2014-08-16,376.6,399.128,368.503,398.894,72.64228904,27381.9413961,376.942160798
2014-08-15,394.533,399.95,375.0,380.0,127.05660919,48952.7047511,385.282631602
2014-08-14,413.488,413.488,385.0,386.99,152.81794744,60861.2141906,398.259597188
2014-08-13,433.985,435.587,410.351,410.351,226.20912793,95895.7925688,423.925389069
2014-08-12,436.593,445.0,430.056,445.0,109.7951063,47728.7811272,434.70772729
2014-08-11,446.297,450.0,433.0,442.824,103.72836991,45809.6890893,441.631244461
2014-08-10,442.101,447.6,442.101,446.297,19.06919391,8486.67746809,445.046471715
2014-08-09,447.986,449.0,442.101,442.101,27.13005272,12045.9996574,444.009445235
2014-08-08,446.0,449.0,444.5,445.769,34.28232811,15290.0859849,446.004890213
2014-08-07,441.0,446.499,436.624,444.5,29.44965515,13031.1065233,442.487576067
2014-08-06,442.681,446.228,435.05,440.0,62.84654045,27708.4188634,440.890121635
2014-08-05,448.214,452.989,442.681,442.681,96.85698869,42984.7195236,443.795745717
2014-08-04,443.0,450.83,442.681,449.5,79.3182938,35335.0494749,445.484235503
2014-08-03,442.0,446.77,440.001,443.5,70.0222141,31043.8391164,443.342723669
2014-08-02,453.003,453.496,442.353,443.055,19.97503751,8925.81120468,446.848282523
2014-08-01,440.0,457.5,439.43,449.967,74.96781277,33864.6302957,451.722266456
2014-07-31,426.0,446.569,417.795,444.0,138.92586575,60305.9666691,434.087391455
2014-07-30,437.294,442.0,420.0,427.0,52.66200458,22610.586299,429.352936322
2014-07-29,440.542,443.158,435.0,435.0,18.22484956,7989.04360907,438.359920764
2014-07-28,438.001,443.991,430.11,440.707,99.64146533,43344.5385871,435.005029719
2014-07-27,446.3,447.0,438.001,438.001,22.90190916,10117.6293154,441.781043001
2014-07-26,445.552,448.0,443.0,444.2,19.14281951,8517.89498796,444.965538306
2014-07-25,448.0,452.549,441.0,445.552,21.05843264,9422.63666668,447.451946105
2014-07-24,452.9,456.0,436.699,448.0,76.34348095,34103.3315407,446.709150753
2014-07-23,451.892,457.3,450.0,452.0,46.02839449,20878.6316602,453.603300561
2014-07-22,458.0,459.0,450.0,455.108,45.3617412,20622.0903583,454.614170725
2014-07-21,454.143,460.0,450.0,455.5,73.0060993,33186.1560458,454.566897341
2014-07-20,456.035,460.0,452.85,458.328,17.99154621,8222.53010949,457.021870912
2014-07-19,460.988,460.999,454.344,460.97,8.21703043,3772.35330752,459.089611467
2014-07-18,454.046,461.0,452.111,459.417,27.4081789,12505.7484997,456.277979843
2014-07-17,455.0,460.8,449.0,459.0,86.51331193,39423.0873742,455.688107352
2014-07-16,458.346,459.978,450.001,455.0,33.73203525,15351.2322477,455.093567106
2014-07-15,457.0,461.0,453.373,460.0,28.22927225,12933.6965205,458.166133577
2014-07-14,462.282,465.0,455.0,457.0,67.22507985,30811.6617312,458.335814549
2014-07-13,464.987,465.987,457.35,458.51,21.80137964,10039.5911144,460.502559021
2014-07-12,460.232,469.0,457.351,463.0,54.79753249,25363.8395888,462.864629778
2014-07-11,450.001,468.0,449.995,464.456,74.30895842,34318.212236,461.831426058
2014-07-10,459.722,459.722,445.5,455.1,70.36916381,31815.5855316,452.123967503
2014-07-09,455.0,460.95,452.441,456.022,41.91671313,19158.3305464,457.057080955
2014-07-08,453.629,460.0,452.442,459.596,28.34625098,12947.6370162,456.767176206
2014-07-07,467.989,468.0,452.917,460.0,122.91127806,56149.9026455,456.832794612
2014-07-06,462.111,468.0,460.0,464.0,43.98606351,20389.3862574,463.541963757
2014-07-05,461.0,466.74,460.0,462.0,32.20140086,14917.1726847,463.246078938
2014-07-04,466.99,470.969,461.0,461.0,39.62606357,18481.4701068,466.396821732
2014-07-03,467.546,470.5,464.914,466.99,54.90257837,25723.3088662,468.526426806
2014-07-02,458.281,494.506,455.872,470.8,154.94101602,73436.5361128,473.964467248
2014-07-01,466.095,479.0,455.78,455.78,126.74885081,59760.224713,471.485337588
2014-06-30,436.165,474.133,435.087,465.0,167.41547967,76939.2729838,459.570842168
2014-06-29,440.0,440.0,432.211,440.0,55.34631932,24255.8416767,438.255731813
2014-06-28,439.194,446.637,430.0,440.0,59.98096922,26359.2587111,439.460366412
2014-06-27,429.06,444.15,424.0,438.999,47.84542727,20678.2952515,432.189582816
2014-06-26,410.11,439.306,410.11,425.816,65.25544509,27610.3563637,423.111915421
2014-06-25,423.0,423.033,410.011,410.11,89.06095915,37133.7026514,416.947032749
2014-06-24,430.5,435.0,424.0,424.0,76.78106843,33091.7083207,430.987859343
2014-06-23,434.377,440.553,427.912,431.0,88.23517951,38215.0672679,433.104658257
2014-06-22,433.839,442.99,433.33,440.0,18.35312094,8028.86927659,437.466156456
2014-06-21,428.837,437.139,427.912,435.0,31.84075349,13674.5840777,429.467979832
2014-06-20,436.12,439.5,425.2,435.998,74.40477485,32184.8442313,432.56423121
2014-06-19,442.001,447.0,434.947,437.0,152.883416,67060.4198524,438.637633871
2014-06-18,444.087,453.7,440.644,442.003,80.30064641,35955.71238,447.76367299
2014-06-17,436.03,449.5,431.613,449.5,54.94311325,24214.1118009,440.712409047
2014-06-16,440.0,448.8,433.175,436.03,110.34562653,48789.208626,442.149001825
2014-06-15,423.94,440.0,410.0,440.0,113.25540191,47361.9869639,418.187443294
2014-06-14,439.947,442.943,410.19,427.166,111.95931817,46876.0816469,418.68852377
2014-06-13,422.093,460.0,422.093,442.486,141.80701622,63035.0033612,444.512585071
2014-06-12,461.5,467.011,419.61,430.99,153.40330528,67862.9592571,442.382640538
2014-06-11,475.0,477.093,460.0,460.0,94.31598987,44309.8962811,469.802589594
2014-06-10,469.799,479.799,467.2,475.0,39.86405354,18936.6469791,475.030642834
2014-06-09,479.02,480.999,467.15,469.799,116.05519109,54872.2344805,472.811547378
2014-06-08,476.336,481.19,474.001,480.765,74.66888543,35524.7345243,475.763556932
2014-06-07,477.998,485.0,471.2,476.178,41.69765916,19983.5583021,479.248924392
2014-06-06,477.523,482.198,470.22,477.998,60.27589355,28853.2517359,478.686420666
2014-06-05,470.0,485.0,466.2,477.523,114.23463242,54256.833997,474.959588416
2014-06-04,489.977,489.977,456.6,470.0,174.91740242,82366.7413698,470.889346802
2014-06-03,482.998,495.0,474.0,485.6,196.292202,95134.0985093,484.655516317
2014-06-02,457.164,484.99,450.334,482.999,119.23358264,55230.9854633,463.216689799
2014-06-01,449.0,490.144,448.967,457.053,212.31484053,100449.863531,473.117485712
2014-05-31,442.091,455.0,436.0,450.0,29.58886133,13244.024274,447.601687888
2014-05-30,414.999,451.617,410.7,450.298,204.30590896,89674.7235746,438.923788505
2014-05-29,416.49,416.997,401.1,415.0,128.98421879,53127.7397085,411.893332432
2014-05-28,412.0,419.673,408.991,412.23,92.28217353,38261.2771304,414.611789762
2014-05-27,420.901,429.425,399.91,415.0,319.25782086,132069.732391,413.67735968
2014-05-26,415.1,500.0,415.1,421.8,328.52640743,142022.103813,432.300419695
2014-05-25,380.701,422.211,380.701,418.5,138.79628976,56983.8629719,410.557537744
2014-05-24,381.0,392.407,373.0,384.691,128.62788778,48898.2755205,380.152985207
2014-05-23,378.096,400.0,375.0,381.0,179.71593599,69528.3500032,386.879158046
2014-05-22,356.913,384.0,352.3,381.12,265.89464957,97544.021481,366.852141022
2014-05-21,349.351,359.5,349.2,353.81,120.08820927,42689.3156403,355.482989544
2014-05-20,323.67,359.62,323.67,352.0,246.80213287,83470.3421739,338.207539794
2014-05-19,325.0,325.9,323.0,323.67,38.01265608,12353.8501324,324.993078789
2014-05-18,326.0,329.0,324.5,325.0,47.96982004,15637.3252731,325.982571125
2014-05-17,326.0,329.0,325.1,325.56,31.81018327,10385.9627184,326.498047191
2014-05-16,322.5,328.0,322.5,326.0,36.91443357,12015.9508601,325.508200941
2014-05-15,320.1,326.0,320.0,322.5,71.83339624,23239.5711622,323.520428918
2014-05-14,317.5,323.0,316.101,320.99,113.28507299,36062.4999555,318.334084127
2014-05-13,317.611,324.0,317.5,317.5,93.83159545,30020.5252703,319.940475555
2014-05-12,315.188,322.0,313.07,317.61,70.22436341,22397.3817228,318.940331178
2014-05-11,325.0,327.016,313.0,315.035,71.3810399,22686.1916285,317.818172168
2014-05-10,321.998,330.0,320.6,325.5,35.61734925,11595.4188804,325.55535784
2014-05-09,314.1,331.801,313.501,326.763,95.28061388,30679.7665071,321.993795567
2014-05-08,315.811,320.0,310.001,313.0,80.55273159,25504.4450711,316.618003731
2014-05-07,308.708,320.0,305.046,315.811,99.72456145,31318.0462057,314.045464331
2014-05-06,311.0,313.899,303.426,309.099,96.43165301,29769.4095668,308.709937428
2014-05-05,315.887,317.5,308.0,311.0,46.14234108,14368.9174009,311.404169458
2014-05-04,316.372,317.8,311.111,315.887,43.83103671,13721.0910521,313.045095029
2014-05-03,320.576,322.122,311.12,316.0,61.60233641,19449.4904003,315.726505418
2014-05-02,328.2,328.2,319.0,323.988,137.2468911,44072.5251422,321.118568071
2014-05-01,325.229,340.0,322.002,332.0,213.72243553,70511.5419673,329.92110441
2014-04-30,319.3,326.336,314.217,322.002,116.19264873,37292.8042832,320.956658539
2014-04-29,320.0,330.866,311.0,323.991,113.46156017,36426.8374532,321.050031382
2014-04-28,315.0,333.0,304.0,320.0,165.03755482,53294.1975206,322.921637919
2014-04-27,331.373,335.222,314.178,315.0,92.24666799,29625.6426361,321.156777601
2014-04-26,330.45,338.1,324.165,330.541,51.76544869,17117.57222,330.675627337
2014-04-25,358.327,358.327,321.0,333.344,223.90883378,74306.6737508,331.861287009
2014-04-24,347.76,360.0,347.759,360.0,130.68700171,46186.5484678,353.413483082
2014-04-23,351.1,357.417,347.52,352.491,76.67454309,26952.4658665,351.51778909
2014-04-22,356.0,361.61,351.1,351.1,81.65722099,29062.2726479,355.905727571
2014-04-21,362.168,370.0,355.2,356.964,110.90573843,39916.4621509,359.91340679
2014-04-20,367.731,372.53,356.05,362.168,55.90461649,20386.6087093,364.667714212
2014-04-19,355.749,370.0,345.0,368.928,125.24554451,44892.5696711,358.436460528
2014-04-18,360.852,363.763,342.53,355.749,168.66555523,59646.4168439,353.637212782
2014-04-17,387.2,391.938,350.0,360.885,186.13165392,68120.6958455,365.981252575
2014-04-16,376.095,398.0,360.175,387.2,366.13058124,137991.130044,376.890478739
2014-04-15,331.4,382.0,331.4,376.004,406.32952575,146846.803424,361.398308805
2014-04-14,305.549,340.0,297.734,333.848,205.54860097,67463.4694285,328.211766512
2014-04-13,305.0,313.0,285.203,305.549,102.27673013,30583.4190251,299.026171312
2014-04-12,309.197,325.0,305.01,309.64,132.44947568,41578.5699564,313.920230661
2014-04-11,260.977,323.153,250.0,309.197,608.24784472,179496.986611,295.105010514
2014-04-10,326.0,331.512,250.0,260.914,655.34502981,194503.549473,296.795642945
2014-04-09,330.6,333.0,326.0,326.0,140.34593923,46146.8246814,328.807694292
2014-04-08,331.0,335.579,327.2,330.6,71.033065,23585.6065939,332.037011129
2014-04-07,337.4,341.0,327.0,333.227,155.13173768,51564.3268912,332.390571152
2014-04-06,334.973,341.751,330.02,337.2,113.37776179,38144.4901072,336.437141684
2014-04-05,328.001,339.156,328.0,334.968,82.13004977,27389.1145877,333.484694876
2014-04-04,328.033,334.8,318.0,328.001,184.26908385,60297.2656145,327.223994143
2014-04-03,324.9,334.616,309.817,330.69,238.3469978,76864.2663238,322.488921754
2014-04-02,352.74,368.53,316.759,327.417,410.13532412,138399.704009,337.448875699
2014-04-01,343.0,370.0,341.026,352.81,293.44634282,104758.996666,356.995407268
2014-03-31,339.135,358.0,320.01,339.88,235.2485306,79046.254052,336.011680287
2014-03-30,367.0,369.576,331.206,339.135,253.64929426,87679.9298011,345.67385672
2014-03-29,373.085,375.389,367.0,371.52,36.22736911,13475.1750333,371.961181956
2014-03-28,360.595,388.806,354.25,368.51,179.1459083,67057.4535164,374.317527834
2014-03-27,418.1,418.1,350.001,363.049,431.48966164,169852.373882,393.641815743
2014-03-26,415.615,421.0,410.0,418.1,108.02759441,45080.5537784,417.305911741
2014-03-25,424.987,424.991,413.17,416.0,144.25403944,60209.9946868,417.388621633
2014-03-24,412.0,425.004,403.92,424.987,115.08634808,47615.9586572,413.741155677
2014-03-23,411.5,417.32,410.001,415.9,68.81554799,28507.4517073,414.258878116
2014-03-22,416.5,418.377,405.0,411.996,84.10577963,34467.3692486,409.809758618
2014-03-21,421.64,436.0,408.848,416.509,216.94913514,91952.5905355,423.844005998
2014-03-20,437.813,443.751,420.0,422.477,279.43780516,119927.512672,429.174257949
2014-03-19,440.547,449.9,436.0,441.37,144.10316336,63868.7211641,443.215261032
2014-03-18,445.2,449.6,431.3,440.531,362.90260021,159829.875077,440.42085944
2014-03-17,452.02,455.5,443.739,445.112,124.84497443,56056.2830541,449.007125117
2014-03-16,457.7,457.708,451.01,452.015,47.04516011,21343.8506114,453.688552903
2014-03-15,450.61,459.0,450.0,457.79,55.83650691,25395.1652253,454.812928507
2014-03-14,456.982,459.897,450.0,454.01,145.88478213,66275.1217913,454.297705515
2014-03-13,458.465,461.57,454.545,456.982,113.95941081,52303.661599,458.967462426
2014-03-12,456.47,460.0,452.0,455.7,171.72884518,78398.7151078,456.52618828
2014-03-11,454.989,458.867,449.054,455.0,130.47257491,59135.3408871,453.239624709
2014-03-10,457.0,462.474,449.0,454.989,223.16118202,101267.891217,453.788110909
2014-03-09,445.956,460.0,440.6,456.0,140.41236178,63512.4051222,452.327731811
2014-03-08,447.415,457.2,435.0,442.15,103.47802183,45855.2718867,443.140205772
2014-03-07,467.4,468.5,442.0,450.037,195.67868236,89673.6105062,458.269697162
2014-03-06,468.9,471.272,463.1,464.075,280.71293083,131421.745468,468.171327482
2014-03-05,475.805,481.566,458.0,468.9,264.81794368,123446.068711,466.154471996
2014-03-04,453.96,499.99,426.36,475.803,649.63287723,304628.662918,468.924331873
2014-03-03,404.0,491.53,402.183,454.968,818.464745,362803.366386,443.273053119
2014-03-02,411.554,411.584,399.03,404.0,105.62147053,42616.849618,403.486615024
2014-03-01,393.0,414.0,392.111,411.584,144.27958368,57897.929614,401.289830046
2014-02-28,417.278,419.5,390.0,393.0,313.16210629,126278.882812,403.238068322
2014-02-27,412.0,428.759,405.51,417.278,139.01807657,57477.1402108,413.450837682
2014-02-26,394.324,430.0,386.0,415.488,447.00119808,183999.550097,411.630999843
2014-02-25,409.736,409.736,319.0,390.0,942.10071696,343497.019783,364.607534629
2014-02-24,436.875,442.998,401.066,409.736,259.99897013,108904.683661,418.865827071
2014-02-23,433.934,462.0,431.05,436.875,197.13311514,88279.4908843,447.816648266
2014-02-22,409.6,445.0,400.501,436.15,202.32287677,85196.0722147,421.08966408
2014-02-21,395.0,417.0,375.0,409.575,254.91701228,102023.531783,400.222530737
2014-02-20,450.0,451.47,390.009,390.427,395.27171237,166705.800196,421.749887429
2014-02-19,453.0,453.0,446.276,450.0,120.30855777,54171.942966,450.275059149
2014-02-18,453.27,463.0,450.0,453.0,88.46751747,40301.707999,455.55373488
2014-02-17,444.0,470.198,435.575,453.27,220.14217728,100910.048603,458.385802527
2014-02-16,462.0,469.054,411.003,442.0,320.29368699,140870.820718,439.817662476
2014-02-15,475.952,490.559,453.181,467.9,198.06538429,92662.3009757,467.836928234
2014-02-14,440.501,500.0,391.1,472.43,859.75937346,381198.001674,443.377546603
2014-02-13,481.0,486.392,437.0,443.087,261.12170224,120701.977705,462.244143899
2014-02-12,492.72,498.22,472.087,481.0,149.27108684,72759.4014014,487.431309986
2014-02-11,500.0,525.0,466.588,495.0,665.92726585,330394.873689,496.142582881
2014-02-10,520.0,531.588,402.02,499.0,1049.78459001,500489.254369,476.754239995
2014-02-09,510.0,535.0,501.001,518.5,143.32159127,73888.4048506,515.542732925
2014-02-08,535.0,544.0,504.4,510.0,279.88402192,147474.445205,526.912698315
2014-02-07,579.0,585.0,508.267,536.0,767.3889735,416004.775589,542.104186996
2014-02-06,594.0,598.0,575.0,579.0,276.99138479,162363.255649,586.167168238
2014-02-05,603.9,604.75,594.0,595.498,212.54783807,128035.083615,602.382432011
2014-02-04,604.99,610.0,600.0,600.0,170.3849448,102798.432064,603.330488995
2014-02-03,596.999,606.0,595.0,605.0,104.58461026,62581.2885482,598.379516763
2014-02-02,600.273,607.772,595.0,596.998,64.53227793,38806.9265069,601.356836481
2014-02-01,592.976,608.0,591.0,604.651,149.46273932,89652.6563596,599.832819654
2014-01-31,595.0,600.0,590.0,591.203,135.59308658,80656.0483768,594.838943571
2014-01-30,593.1,606.502,580.849,595.0,392.32325644,233613.562715,595.461928092
2014-01-29,591.544,600.95,586.0,593.071,127.8479235,76203.1724542,596.045444995
2014-01-28,573.971,609.999,560.0,591.544,405.89599934,237235.250348,584.472994889
2014-01-27,613.982,621.4,551.629,565.0,681.85482202,399235.095848,585.513342364
2014-01-26,611.2,624.1,600.0,616.504,202.75711571,125033.820674,616.667978514
2014-01-25,589.0,618.99,582.66,618.936,199.81569635,120778.64333,604.450228566
2014-01-24,607.0,610.417,570.15,589.37,397.54985776,234741.269299,590.470012043
2014-01-23,613.001,617.5,601.0,607.0,275.25975683,167749.464792,609.422411485
2014-01-22,618.375,622.104,612.107,614.0,167.26131924,103261.618429,617.366997329
2014-01-21,616.849,618.5,612.0,616.0,120.16406467,73947.5133367,615.387916011
2014-01-20,620.0,621.2,606.158,616.0,165.36533624,101589.797656,614.335506857
2014-01-19,594.9,620.0,590.29,620.0,155.27497508,94462.6764432,608.35737629
2014-01-18,589.4,603.0,586.0,594.9,125.89912704,75452.0745915,599.305780472
2014-01-17,610.002,614.263,581.0,593.944,409.31465933,244787.078646,598.041318741
2014-01-16,622.001,625.4,610.002,610.002,231.05612287,142795.123456,618.010558139
2014-01-15,615.15,626.7,613.035,625.0,322.1378282,200409.299917,622.122838032
2014-01-14,617.123,635.0,610.298,615.15,380.76149113,236533.986049,621.212994379
2014-01-13,632.0,637.0,598.0,624.0,558.50019477,342197.72419,612.708334562
2014-01-12,667.0,674.6,620.5,632.0,373.03570504,238617.289764,639.663406318
2014-01-11,630.0,678.925,630.0,669.0,433.86834203,287094.133105,661.707954448
2014-01-10,624.522,642.0,610.0,630.0,350.5493159,220096.87543,627.862801173
2014-01-09,628.35,643.0,601.436,631.388,445.21400658,277640.87243,623.612169264
2014-01-08,568.0,656.177,553.0,628.0,563.85357702,347251.634066,615.85427178
2014-01-07,687.847,703.08,568.0,568.0,1018.04224711,654947.783609,643.34047577
2014-01-06,688.0,749.13,667.842,688.765,996.22880425,702567.128257,705.226676101
2014-01-05,623.001,694.0,623.001,688.0,662.55242202,439497.365372,663.33976115
2014-01-04,599.879,627.0,593.893,623.001,377.6657915,230938.413986,611.488832677
2014-01-03,583.0,617.848,577.0,600.0,428.6902627,257624.414916,600.957001667
2014-01-02,555.293,605.0,555.0,581.65,539.89426228,308738.664939,571.85024274
2014-01-01,549.0,559.998,549.0,558.0,164.52702811,91276.6095219,554.78185299
2013-12-31,551.73,551.99,540.0,550.0,158.25958893,86253.2037309,545.010917279
2013-12-30,542.0,554.0,538.04,546.8,152.22752596,83451.2277419,548.200643843
2013-12-29,538.0,549.65,530.0,544.0,129.1160834,69631.8592952,539.296557498
2013-12-28,539.784,554.0,521.1,538.0,179.33387235,96732.2217564,539.397384827
2013-12-27,559.438,570.626,517.0,534.0,558.2795441,303484.156438,543.606083449
2013-12-26,510.246,575.0,509.106,559.438,727.7160488,393537.011649,540.783747038
2013-12-25,488.674,514.925,482.422,510.0,295.93331947,147074.079054,496.983845271
2013-12-24,495.0,500.65,480.0,488.109,229.84027009,113189.291167,492.469361975
2013-12-23,457.99,500.0,455.0,491.204,251.77349187,120853.427623,480.008545481
2013-12-22,446.0,496.0,436.0,458.0,281.97925892,133338.823896,472.867488221
2013-12-21,453.0,482.2,420.002,449.531,351.31959487,158082.13248,449.966739084
2013-12-20,509.945,532.0,440.0,460.0,816.58042974,407197.353032,498.661660507
2013-12-19,381.426,527.0,352.842,516.727,1517.88312233,705408.335343,464.731654872
2013-12-18,497.017,499.0,299.0,381.426,4237.45542376,1634943.5949,385.831455769
2013-12-17,522.001,570.0,463.064,499.0,1104.5731836,569355.924364,515.453328776
2013-12-16,650.725,650.725,489.215,525.0,1704.3140528,941553.206359,552.452879686
2013-12-15,643.0,653.355,610.0,650.725,479.67052933,302287.928641,630.199084908
2013-12-14,652.03,664.0,620.012,643.0,252.03134414,162978.327124,646.658960932
2013-12-13,644.0,678.95,609.0,658.0,677.88025388,441536.408079,651.348679287
2013-12-12,647.0,686.0,630.697,644.5,531.97395621,345344.648324,649.175855871
2013-12-11,735.0,738.066,625.0,647.0,1087.5852929,729092.472545,670.377281952
2013-12-10,685.0,737.08,685.0,735.0,837.40704679,594580.092191,710.025183655
2013-12-09,612.255,715.0,600.02,681.0,1168.72379843,783037.664433,669.993770543
2013-12-08,552.0,631.91,524.0,612.255,1346.23629905,795401.37906,590.8334069
2013-12-07,664.46,689.888,416.0,552.0,3146.33799679,1773757.71181,563.75307218
2013-12-06,786.0,798.116,650.0,664.46,1716.98331288,1231408.97623,717.193327967
2013-12-05,835.256,851.0,671.0,795.0,1858.99126154,1415707.91846,761.546300808
2013-12-04,789.41,849.997,782.0,835.255,922.16079154,755393.62069,819.156081694
2013-12-03,771.415,806.0,734.97,794.0,665.36796387,521805.255534,784.235616783
2013-12-02,694.5,777.777,660.0,777.0,947.21406514,687969.082213,726.307925032
2013-12-01,829.5,840.0,490.0,694.5,2092.55583463,1423123.72807,680.088772073
2013-11-30,811.353,865.671,755.0,829.5,574.32061458,472437.416721,822.60222727
2013-11-29,744.0,818.0,730.0,818.0,1335.3028278,1047526.52364,784.486111939
2013-11-28,723.021,780.0,660.0,759.996,1907.9467364,1396808.33525,732.100277541
2013-11-27,708.88,760.0,660.1,722.908,1052.81853961,747567.848197,710.06333957
2013-11-26,591.0,717.0,589.001,717.0,974.89937902,640654.047891,657.148893187
2013-11-25,552.025,593.0,549.71,593.0,324.13823569,186389.391397,575.030560649
2013-11-24,570.0,594.17,510.075,555.0,336.28148906,188610.102648,560.869714164
2013-11-23,550.0,615.0,550.0,570.101,528.82985912,308018.235415,582.452427946
2013-11-22,512.871,560.0,480.0,552.0,504.6608841,268937.502157,532.907365381
2013-11-21,425.0,529.99,405.003,521.0,600.99115805,287708.458125,478.723279488
2013-11-20,427.911,436.125,300.1,425.0,567.09654059,213279.351456,376.090023816
2013-11-19,500.773,625.0,289.217,415.0,820.07447998,367752.655067,448.438116347
2013-11-18,360.11,510.0,353.0,508.725,694.69831212,292391.510173,420.889910155
2013-11-17,320.005,366.99,320.005,365.0,473.41360889,166773.856781,352.279388782
2013-11-16,307.101,328.5,305.219,320.002,198.93477112,64105.6257479,322.244449208
2013-11-15,312.5,326.21,293.992,312.0,307.41379948,96274.9841458,313.17717132
2013-11-14,298.0,323.9,294.0,312.0,342.65369489,105382.080022,307.546895288
2013-11-13,261.5,300.0,257.038,298.0,353.8452768,102933.035968,290.898431369
2013-11-12,246.0,263.517,246.0,260.0,464.66093206,119559.602819,257.305046691
2013-11-11,232.75,254.9,221.0,244.4,263.85775049,64201.272386,243.317743242
2013-11-10,248.5,249.375,192.761,232.75,502.8914718,109293.431271,217.330055091
2013-11-09,237.0,270.0,223.8,248.5,366.34844537,89020.9217773,242.995221905
2013-11-08,217.9,250.0,212.782,237.0,346.53530658,79341.9041924,228.957634867
2013-11-07,189.0,222.934,185.0,216.0,678.46362894,141078.461335,207.93813451
2013-11-06,184.5,194.9,181.9,191.917,240.39813848,45501.4217471,189.275266584
2013-11-05,172.001,187.82,168.0,183.11,385.40432784,68260.5413859,177.11410188
2013-11-04,161.0,173.0,158.0,172.001,133.60937943,22101.8941585,165.421726025
2013-11-03,152.752,165.0,151.064,161.0,425.51444431,67096.289751,157.682754718
2013-11-02,152.511,156.0,151.0,152.75,128.03644824,19632.8639961,153.338086662
2013-11-01,152.0,154.778,150.035,152.511,137.77276245,21024.5696491,152.603237935
2013-10-31,148.1,156.974,148.1,151.02,122.64899205,18776.7285806,153.09321558
2013-10-30,153.12,154.5,148.0,148.1,211.86165011,32039.1783355,151.226889429
2013-10-29,147.991,163.721,145.01,153.12,175.02013819,26607.6588938,152.026270628
2013-10-28,144.0,148.481,142.5,144.76,53.70835879,7823.0311085,145.657608699
2013-10-27,132.296,145.0,132.296,144.0,102.20443201,14395.4625343,140.849689698
2013-10-26,138.777,138.777,130.75,132.296,109.29968241,14684.7714047,134.353285215
2013-10-25,141.95,142.39,121.1,133.822,340.24342924,43858.2404434,128.902534698
2013-10-24,153.73,156.0,110.0,141.95,622.80278877,81395.445598,130.692166229
2013-10-23,141.5,153.73,141.0,151.0,214.24526074,31512.694753,147.087009739
2013-10-22,132.117,144.0,132.117,141.5,317.16569055,43851.6133176,138.260898402
2013-10-21,124.669,132.0,121.7,130.0,147.80325974,18897.2167629,127.853856513
2013-10-20,120.99,125.999,120.0,121.701,44.9705399,5516.98911351,122.680072905
2013-10-19,113.5,124.53,111.0,120.568,204.45587083,24501.2156728,119.83620511
2013-10-18,108.5,113.5,106.2,113.5,109.85838158,12050.598972,109.69212179
2013-10-17,104.0,109.5,104.0,108.5,62.29036131,6721.15975327,107.90047789
2013-10-16,106.998,110.399,101.2,102.117,351.46963122,37830.1222115,107.634113594
2013-10-15,101.09,107.987,100.0,106.99,161.8692043,16808.2242413,103.838307688
2013-10-14,98.0,102.253,98.0,101.09,153.02044828,15397.7814745,100.625646099
2013-10-13,96.5,98.0,95.7,98.0,130.74023238,12696.2315031,97.1103635966
2013-10-12,95.6508,96.5999,95.6501,96.49,20.9908195,2017.04891886,96.0919567178
2013-10-11,96.49,97.0,95.42,96.5988,70.88006787,6836.00723611,96.4447050002
2013-10-10,96.0,97.48,92.999,96.02,198.99914407,19183.6157408,96.4004937331
2013-10-09,95.2889,97.099,95.0,96.996,74.0147226,7124.55554935,96.2586266499
2013-10-08,95.95,95.98,94.211,94.515,87.7395869,8317.5038768,94.7976183918
2013-10-07,93.51,96.0,93.51,95.95,71.60900861,6763.21793083,94.4464678692
2013-10-06,94.486,94.5,93.11,93.51,47.79541324,4499.60894175,94.1431120001
2013-10-05,94.6413,95.5,93.0044,93.511,15.75408,1485.55764947,94.2966932675
2013-10-04,92.0,96.0,88.867,94.6414,194.2009103,18297.7576684,94.220761582
2013-10-03,77.9,94.49,77.7,88.8503,83.10490703,7409.09397414,89.1535077641
2013-10-02,93.11,94.49,60.5,79.5959,397.46406951,32486.4822267,81.7343873794
2013-10-01,92.4899,94.49,90.514,94.49,103.96009944,9614.9042212,92.4864854207
2013-09-30,90.96,92.49,90.0213,91.9999,43.35619232,3972.83079649,91.6323732298
2013-09-29,92.5,93.0,75.01,90.96,142.7416113,12707.9174123,89.0274202217
2013-09-28,94.488,94.488,92.5,92.5,94.43348295,8787.96145412,93.059804421
2013-09-27,94.3997,94.49,93.1,94.488,52.9488833,4971.32849009,93.8892037046
2013-09-26,95.1,95.1,93.2674,93.2674,111.49236936,10452.1869078,93.7480023769
2013-09-25,93.75,95.1,92.441,95.1,95.2300367,8948.57866561,93.9680270607
2013-09-24,94.15,94.498,93.0,94.39,71.42938569,6710.6583859,93.9481464256
2013-09-23,95.0,95.0,94.0,94.38,40.34281411,3819.88811538,94.6857129243
2013-09-22,95.0,95.7,94.11,95.0,9.40197,898.2537173,95.538883585
2013-09-21,95.1,96.0,94.75,95.75,38.0949965,3626.71989192,95.2020009221
2013-09-20,95.309,97.0,95.309,95.99,29.970109,2881.55704452,96.1476998472
2013-09-19,99.1,99.49,95.3,95.3,102.77122069,10044.9898342,97.7412719895
2013-09-18,97.99,100.708,97.99,99.1,99.23357809,9865.07212179,99.4126414835
2013-09-17,97.31,97.99,97.0,97.99,124.86674146,12160.2474614,97.3857996074
2013-09-16,98.989,99.0,96.711,97.31,24.1464483,2367.57173156,98.0505166701
2013-09-15,98.5975,98.989,96.55,98.989,9.7553685,957.072947714,98.1073085772
2013-09-14,98.5,99.8,96.0,96.71,37.65725591,3673.34338592,97.5467621619
2013-09-13,97.5,99.1949,96.0,97.0001,28.87421446,2825.87847883,97.8685838448
2013-09-12,95.071,98.7,95.071,97.5,108.80061833,10557.5862144,97.0360865264
2013-09-11,94.6,98.0,93.15,96.145,105.10136361,9951.65155367,94.6862268182
2013-09-10,95.98,96.477,94.0,94.1,100.58521168,9580.52956836,95.2478938837
2013-09-09,94.0,96.0,92.4322,94.0,132.29492603,12488.6091108,94.3997588232
2013-09-08,95.0,95.0,92.442,94.0,70.1167799,6542.66276954,93.3109418155
2013-09-07,92.2001,95.0,91.0533,94.999,105.60717482,9825.6621675,93.0397218205
2013-09-06,93.0,95.0,92.0001,93.0,37.38130062,3486.04925178,93.2564997461
2013-09-05,94.3,96.0,91.0,93.0,86.4683909,8066.28309688,93.2859165404
2013-09-04,98.8003,100.777,92.0,96.0,254.63894323,24619.1097082,96.6824217689
2013-09-03,100.98,100.998,98.8003,99.59,96.96471137,9672.22131127,99.7499108141
2013-09-02,101.989,101.989,98.6,100.7,120.5709149,12020.6837875,99.6980390957
2013-09-01,99.3,101.999,97.75,101.999,56.93409633,5678.42941795,99.7368849948
2013-08-31,95.5,102.0,94.0,99.3,372.73958256,36792.6406603,98.7087027561
2013-08-30,91.93,97.0,90.8912,95.985,163.1379168,15408.8678269,94.4530133102
2013-08-29,91.392,92.0,90.001,91.93,50.2707191,4579.54855618,91.0977331967
2013-08-28,90.0,91.4,89.1,91.392,74.45516636,6733.08854475,90.4314485336
2013-08-27,84.75,92.3001,82.8,88.75,92.55306045,8256.19219,89.2049614552
2013-08-26,86.0,86.99,83.0,84.75,44.92458032,3828.85494615,85.2285078431
2013-08-25,84.728,88.0,84.0,85.5,17.05730746,1467.05643866,86.0075039453
2013-08-24,82.51,84.728,82.501,82.52,5.2037015,433.16020376,83.2407861519
2013-08-23,82.702,84.728,81.5,84.728,49.09862463,4041.11219837,82.306016285
2013-08-22,85.345,86.2,82.7,82.706,63.00991627,5325.98849356,84.5261953807
2013-08-21,79.1724,85.4316,79.0,84.5,62.64465337,5149.44882496,82.2009309325
2013-08-20,77.5,81.174,77.0,81.174,86.11268181,6779.76526285,78.7313218024
2013-08-19,75.1,79.43,75.1,77.5,72.51023423,5701.79945897,78.6344096046
2013-08-18,76.5339,77.1,75.0,75.0,33.543879,2552.99830011,76.1092150406
2013-08-17,75.15,75.91,74.9727,75.2433,31.7015749,2389.09684298,75.3620869157
2013-08-16,76.0,76.0,75.0,75.15,66.15767907,4968.19714933,75.0963035459
2013-08-15,76.8954,76.8954,75.0,76.0,52.21806688,3957.01742008,75.778703742
2013-08-14,72.1218,76.8955,72.1218,75.6311,40.9288108,3072.48639074,75.069036473
2013-08-13,73.3,74.3688,72.12,74.3688,42.6103411,3136.29458267,73.6040712584
2013-08-12,71.1154,73.3,71.1067,73.3,26.54439527,1914.34698314,72.1186888483
2013-08-11,72.3469,73.0,71.03,71.1003,25.0990049,1829.81017195,72.9036939608
2013-08-10,73.0,73.59,69.7503,72.1671,25.20035536,1798.50725027,71.3683289215
2013-08-09,74.9976,75.2498,72.1,73.9,58.42212322,4287.42799245,73.3870622316
2013-08-08,75.656,76.949,71.4,73.0,142.03899212,10514.3133022,74.024133411
2013-08-07,76.054,77.85,75.55,77.7,66.90966006,5113.28330057,76.4207036171
2013-08-06,75.3,78.0,74.0,76.0,61.97855803,4680.65173746,75.5205007382
2013-08-05,74.0224,76.9998,74.0,75.5,74.44119943,5635.80851486,75.7081905989
2013-08-04,73.4371,74.95,73.4371,74.95,14.55656886,1090.65287541,74.9251342054
2013-08-03,75.002,75.8,73.61,73.61,39.94480905,2988.4638801,74.8148245336
2013-08-02,77.1899,78.0,73.9999,75.003,109.19469822,8323.3444676,76.2248039811
2013-08-01,77.01,77.395,75.001,76.0,254.90011089,19388.1497156,76.0617547316
2013-07-31,76.999,80.3,75.4,76.05,229.18518925,18196.2757173,79.3955131953
2013-07-30,72.0008,77.0,72.0008,77.0,42.223138,3141.23943559,74.3961624926
2013-07-29,72.393,74.0,72.0001,72.0005,59.47405437,4345.57106763,73.0666693849
2013-07-28,71.4886,72.31,70.0,71.81,24.44508706,1745.22646747,71.3937513574
2013-07-27,70.7968,72.38,70.1,70.9126,50.8968615,3643.94847559,71.5947578731
2013-07-26,71.9,72.78,70.0,72.78,97.6427009,6931.8756588,70.9922564094
2013-07-25,69.7,72.0,69.7,72.0,60.36997797,4283.22476793,70.9495830868
2013-07-24,70.5,71.4,69.0,69.7,96.101889,6751.29830432,70.2514630521
2013-07-23,68.95,71.0,67.592,69.666,83.87375692,5872.28779574,70.0134107662
2013-07-22,68.0,69.0,68.0,68.01,32.65532298,2233.87078921,68.4075545841
2013-07-21,68.9,68.9,67.01,68.0,13.50566387,920.006351256,68.1200391267
2013-07-20,69.9999,70.0,67.33,68.22,31.70891504,2180.39525333,68.7628463661
2013-07-19,68.0,70.0,67.5,68.0,20.4896693,1424.69480648,69.5323475269
2013-07-18,71.2549,71.2549,66.1,69.84,287.09454126,19838.1165304,69.0995950092
2013-07-17,72.49,73.54,70.4007,71.26,79.15128965,5740.57928271,72.526667703
2013-07-16,72.01,73.54,70.35,70.35,64.47537733,4636.96603966,71.9184009723
2013-07-15,70.57,73.54,70.4201,72.0,81.57197351,5898.79221082,72.3139573188
2013-07-14,72.0,72.0,70.57,71.5,95.26266258,6763.3073559,70.9964132088
2013-07-13,69.31,72.0,67.8584,70.5606,99.77662707,6980.87218461,69.9650047271
2013-07-12,66.6,76.98,66.6,70.86,84.67835244,6084.00812766,71.848447122
2013-07-11,66.0,68.0,63.2,66.6,115.36532271,7497.91216016,64.9927723862
2013-07-10,58.4068,66.7,58.3109,64.62,231.02650644,14295.3733646,61.8776329385
2013-07-09,58.0,60.99,55.0,57.7,119.83736339,6938.75058958,57.9013956356
2013-07-08,57.3501,61.98,55.66,58.0,91.1890531,5305.63245695,58.1827782676
2013-07-07,52.73,57.3501,52.0,57.3501,44.18468721,2396.35385545,54.2349399025
2013-07-06,51.54,56.0,50.63,52.8193,41.16436462,2173.06667858,52.789996849
2013-07-05,61.0,61.0,50.0,51.001,132.78023292,7271.37207533,54.7624591057
2013-07-04,61.0,62.1472,55.9271,61.0,95.12959207,5647.74823897,59.3689946112
2013-07-03,65.0,68.0,59.0,59.8414,224.54246803,13952.5616509,62.1377406835
2013-07-02,61.973,67.0,60.97,65.0,61.33460486,3945.75671353,64.3316562084
2013-07-01,68.5,72.0092,57.2,60.3512,148.00900031,9893.29481935,66.8425217293
2013-06-30,69.0,70.0,68.0,68.0,60.9631651,4172.43298316,68.4418693865
2013-06-29,68.75,72.0,68.0,70.488,36.12428795,2548.05489481,70.5357818635
2013-06-28,73.3,73.3,68.75,68.75,93.36509253,6681.41394451,71.5622269893
2013-06-27,76.0,77.2958,74.0,74.0,60.83322001,4540.65795886,74.6410917934
2013-06-26,74.01,79.95,74.0,75.465,51.19473169,3920.28206503,76.5758884872
2013-06-25,74.849,77.487,74.01,75.002,9.01011588,677.986952565,75.247306649
2013-06-24,76.0,76.0152,69.0,74.0002,133.35286559,9764.47220248,73.2228149675
2013-06-23,77.002,77.002,75.0,77.0,20.62757615,1580.22476889,76.6073899036
2013-06-22,78.7571,78.946,77.002,77.002,10.30269885,798.559573608,77.5097462553
2013-06-21,79.0,81.0,77.5,78.5771,50.7570012,4039.66168643,79.5882654792
2013-06-20,79.538,81.0,75.0,79.0001,52.86430686,4181.85335685,79.1054230206
2013-06-19,79.101,80.615,78.72,78.732,34.9312913,2772.75612556,79.3774298737
2013-06-18,76.2,82.7673,75.6,80.499,65.69737866,5161.2969582,78.5616879009
2013-06-17,75.501,78.799,75.5,76.19,60.77946761,4657.37475466,76.6274358398
2013-06-16,76.0,77.16,75.0,75.5,11.714353,887.514074152,75.7629613989
2013-06-15,76.0,78.0,73.0211,76.0,50.18177883,3816.9098291,76.0616685597
2013-06-14,79.302,83.8738,75.0,75.3,70.31982765,5576.2389639,79.2982456051
2013-06-13,83.867,89.0,79.0,79.0599,124.60796709,10448.3341295,83.8496476065
2013-06-12,83.947,85.396,82.0,84.5,39.6259861,3306.75445643,83.449139867
2013-06-11,81.999,90.0,81.999,83.0,80.00443127,6751.53628138,84.3895291074
2013-06-10,80.0,82.595,75.0,82.199,39.52873648,3096.73489482,78.3413579735
2013-06-09,86.95,86.95,70.0,79.995,152.00886371,11701.656444,76.9800928605
2013-06-08,86.7071,88.0,84.4,86.96,31.43963396,2703.3991634,85.9869795824
2013-06-07,93.1734,94.0,87.0,87.0,96.35528937,8612.33281209,89.3810071912
2013-06-06,93.9387,96.108,93.1733,94.5,61.96116271,5894.85381271,95.1378824232
2013-06-05,94.294,96.0,93.02,94.31,52.54012062,4955.71723658,94.3225325351
2013-06-04,93.969,96.1,93.484,95.0,27.85488227,2632.69571925,94.5146956188
2013-06-03,95.0,95.9993,92.0646,93.485,48.67735924,4543.700175,93.3431937546
2013-06-02,99.671,100.81,91.451,96.0,138.27002431,13244.4520044,95.7868639313
2013-06-01,99.05,100.98,98.502,99.614,26.40424556,2627.00314792,99.4916950742
2013-05-31,100.479,100.99,99.05,99.05,41.16279149,4096.58982835,99.5216718805
2013-05-30,101.699,101.7,99.602,100.479,43.68306039,4380.76421534,100.285194678
2013-05-29,99.1051,101.683,98.315,99.708,33.23855749,3289.98114573,98.9808642182
2013-05-28,99.4499,100.385,97.001,98.3191,38.06441459,3765.61020396,98.9273116248
2013-05-27,103.3,103.59,97.0,99.9699,45.41140755,4552.95352519,100.260127814
2013-05-26,100.102,103.6,99.794,101.19,38.69315496,3923.22909402,101.393362678
2013-05-25,101.3,102.311,99.794,101.155,36.296263,3658.43560232,100.793726404
2013-05-24,95.12,104.1,95.1,101.3,105.93221278,10535.774034,99.4576980649
2013-05-23,92.24,97.999,91.21,95.353,72.12997487,6843.09278576,94.8716923595
2013-05-22,91.8999,93.0,90.0,92.24,46.5134967,4243.03824604,91.2216570904
2013-05-21,88.99,92.12,86.707,89.801,40.80233627,3628.50438321,88.9288387607
2013-05-20,87.59,89.0,86.707,88.99,15.70536299,1383.07547684,88.0638975181
2013-05-19,88.0,89.0,85.648,86.707,26.7958154,2346.69387471,87.576878691
2013-05-18,87.5,88.0,85.0,85.611,23.00229969,2003.11202415,87.0831199985
2013-05-17,82.7,87.565,81.4,87.5,38.85046286,3284.09332503,84.5316396065
2013-05-16,81.8,84.9,78.3602,81.406,35.49174515,2898.25943802,81.6600994337
2013-05-15,82.512,88.0,69.0,79.6,136.01775659,10840.3140002,79.6977855832
2013-05-14,85.9,87.86,82.3583,82.512,76.90669751,6569.41547384,85.4205899686
2013-05-13,85.1,87.859,85.0,87.29,32.30283781,2789.78674526,86.3635189475
2013-05-12,86.5,88.199,84.0,87.87,30.42887687,2633.32593708,86.5403592885
2013-05-11,88.1,88.498,85.001,86.5,27.54341134,2376.30704158,86.2749719794
2013-05-10,84.735,90.0,82.5,88.1,77.92575024,6733.27731558,86.4063200526
2013-05-09,86.489,87.199,84.299,84.73,41.43439201,3520.30914384,84.9610425801
2013-05-08,83.63,89.7,79.1,87.3,126.05435269,10949.9467991,86.8668678662
2013-05-07,86.1,91.498,77.2,86.4,83.74501103,7004.78040283,83.6441516536
2013-05-06,90.0,94.045,82.28,87.424,114.16057783,10204.4631309,89.3869260725
2013-05-05,87.395,90.979,85.5,90.0,63.0312014,5551.1862032,88.0704489189
2013-05-04,75.45,89.0,73.3,87.193,62.91035948,5233.82519477,83.1949656309
2013-05-03,83.321,84.836,64.3307,75.0,297.5188646,21731.6775677,73.0430240008
2013-05-02,91.63,100.0,72.0,84.0,962.00343216,84995.9173713,88.3530292407
2013-05-01,109.9,109.9,83.01,94.0,244.39503286,23248.2298021,95.1256231768
2013-04-30,106.0,111.0,105.12,105.12,54.4490679,5910.96852131,108.559590628
2013-04-29,102.0,112.0,101.59,108.0,28.63793746,3095.35875983,108.085952913
2013-04-28,102.5,107.546,100.0,104.48,41.60582072,4314.23576038,103.693081538
2013-04-27,105.0,105.0,100.0,100.0,109.14491998,11065.2298524,101.381079893
2013-04-26,106.0,110.0,96.0,107.4,92.24717346,9680.08126559,104.9363455
2013-04-25,111.701,123.66,96.0,105.0,70.8950762,7892.6747454,111.328954964
2013-04-24,103.0,130.966,101.0,111.7,55.68460234,6377.41121314,114.527372831
2013-04-23,94.007,103.0,94.0,103.0,72.22085642,7041.80559923,97.503767586
2013-04-22,84.02,96.0,84.02,91.1201,29.23656697,2698.50265052,92.2988890349
2013-04-21,99.5,99.5,83.5,95.0,87.72502231,7685.1537528,87.6050361736
2013-04-20,92.552,100.0,89.0,98.0,37.70280133,3504.918624,92.9617561655
2013-04-19,81.0,102.0,70.5483,92.0,86.58395583,7942.5956678,91.7328804357
2013-04-18,69.0,82.9967,67.2,81.328,84.82814163,6489.09451673,76.4969548081
2013-04-17,53.2001,78.0,53.2,69.0,194.39833221,12395.5987761,63.7639152312
2013-04-16,64.1001,68.86,42.0,53.2,422.16109637,23017.7514879,54.5236206884
2013-04-15,74.2222,81.59,60.0,67.2,171.41229769,11950.2104638,69.7161792059
2013-04-14,75.5,81.9,73.6221,74.2222,70.04373972,5490.4951146,78.3866643407
2013-04-13,87.37,100.713,70.0,75.5,107.56736864,8596.77163235,79.9198840786
2013-04-12,62.79,95.0,40.0,81.2,262.05132078,16143.3935679,61.6039389531
2013-04-11,143.001,165.0,40.0,62.79,231.54835084,17275.8703385,74.6102067919
2013-04-10,172.0,206.0,80.0,112.0,109.07075646,15600.620258,143.03210837
2013-04-09,138.0,172.0,128.31,172.0,53.20439626,8535.26048569,160.423970305
2013-04-08,110.0,174.9,110.0,148.0,43.8648195,5926.12558495,135.099737158
2013-04-07,109.97,120.0,1.0,110.0,318.21883215,11616.989612,36.5062920176
2013-04-06,110.0,112.0,99.01,109.98,13.46058231,1387.97327655,103.113910274
2013-04-05,94.512,109.8,94.512,99.0,21.40388955,2142.67780656,100.106936244
2013-04-04,108.0,117.4,83.0,94.51,8.5880211,813.706256916,94.7489820345
2013-04-03,89.95,119.0,82.55,82.55,35.29364612,3357.63594672,95.1342894782
2013-04-02,79.15,89.95,77.6853,87.7951,30.11022979,2397.50351016,79.6242183099
2013-04-01,70.2,79.89,70.2,79.89,10.29636062,759.854998233,73.7984056966
2013-03-31,69.42,72.0,67.1401,71.9,6.43449257,450.175294069,69.9628275534
2013-03-30,67.99,69.8499,67.99,69.0,7.51223014,517.948931225,68.9474259405
2013-03-29,60.0,74.8499,60.0,67.99,3.41995384,235.654750724,68.9058278998
2013-03-28,69.998,79.9998,51.0,76.0,12.47927471,867.362505219,69.50424006
2013-03-27,60.0,69.9612,60.0,65.0,17.51960909,1216.58393044,69.4412714455
2013-03-26,56.0,60.0,54.0,59.999,9.63360748,567.034826949,58.8600716944
2013-03-25,55.98,60.0,52.0907,60.0,11.1189934,650.82874242,58.5330631116
2013-03-24,45.0005,56.9995,45.0005,55.98,6.617055,338.857792902,51.2097591605
2013-03-23,49.0,58.9,45.0,47.01,14.93496046,709.580625924,47.5113829611
2013-03-22,48.0,58.0,48.0,54.0,1.86300836,102.35391018,54.9401239294
2013-03-21,49.98,55.0,49.98,55.0,4.8070206,243.51973483,50.6591827025
2013-03-20,42.85,49.98,40.0,49.98,5.60724971,251.54533698,44.8607338695
2013-03-19,39.9,44.9897,38.0,38.0003,2.44063205,100.616366933,41.2255370214
2013-03-18,34.9901,40.0,34.1,39.9,9.80122575,369.297995637,37.6787562144
2013-03-17,34.99,37.01,34.99,34.9901,11.92576681,424.541290526,35.5986577039
2013-03-16,34.99,34.99,34.99,34.99,0.20000013,6.9980045487,34.99
2013-03-15,37.76,37.77,35.0,35.0,1.575431,59.22154845,37.5906964189
2013-03-14,0.0,0.0,0.0,0.0,0.0,0.0,0.0
2013-03-13,35.0,37.9,35.0,35.301,3.478258,127.894234019,36.7696226154
2013-03-12,37.46,37.5,33.5,37.5,11.88470255,409.334616578,34.4421423133
2013-03-11,35.8,37.49,35.0,35.23,7.079161,257.02816545,36.307715766
2013-03-10,36.75,37.36,35.21,37.36,4.177231,152.936093186,36.6118352531
2013-03-09,34.77,36.7515,34.77,36.75,12.00036917,438.259395045,36.5204927312
2013-03-08,33.8241,34.78,32.9089,32.91,8.902655,301.422844339,33.8576350919
2013-03-07,33.0,37.4238,30.0,32.001,38.79109545,1294.34694222,33.3671149836
2013-03-06,32.99,37.5647,32.99,35.7,11.50371843,407.540659358,35.4268632215
2013-03-05,28.57,32.0,28.57,32.0,11.05365,335.505184,30.3524341733
2013-03-04,27.89,28.589,26.29,28.589,22.88348036,616.84188375,26.955772201
2013-03-03,26.58,28.0,26.5,27.815,19.93832882,537.176322328,26.9418930331
2013-03-02,27.3,27.8,26.58,26.58,1.849802,51.2168153356,27.6877283815
2013-03-01,28.0,28.3213,26.6889,27.3,3.561455,97.638646,27.4153810732
2013-02-28,26.0,27.0,25.0,25.4079,19.508582,522.35396003,26.7755985561
2013-02-27,24.0,25.0,23.6,25.0,4.5479183,111.1909025,24.4487466936
2013-02-26,23.48,23.99,23.48,23.5888,2.415078,57.29555573,23.7241015528
2013-02-25,24.0,24.0,23.2,23.2,1.14913,27.172956,23.6465465178
2013-02-24,23.5,25.0,23.0,24.0,26.61622085,647.685966197,24.334257288
2013-02-23,22.9,24.4119,22.4,23.5,22.17956172,511.603019848,23.0664170152
2013-02-22,24.4,24.8232,22.8639,22.8639,12.077898,298.454236872,24.710776401
2013-02-21,22.4,23.47,22.4,23.47,1.058467,24.31019081,22.9673582738
2013-02-20,0.0,0.0,0.0,0.0,0.0,0.0,0.0
2013-02-19,20.9939,22.1415,20.9939,21.777,18.59483046,406.694540714,21.871376649
2013-02-18,21.4013,21.5,20.5,20.9939,13.17010125,273.749890545,20.7857088832
2013-02-17,20.5,22.411,20.32,20.401,36.551573,760.732043706,20.812566499
2013-02-16,0.0,0.0,0.0,0.0,0.0,0.0,0.0
2013-02-15,18.07,19.02,18.07,19.02,6.850438,124.59533076,18.1879364152
2013-02-14,17.0,17.0305,16.47,16.9107,442.972863,7491.55139644,16.9119872168
2013-02-13,17.0,21.1744,17.0,21.1744,4.27531715,77.9446252976,18.2313083598
2013-02-12,16.1451,18.3568,15.39,15.39,3.09038,48.848305985,15.8065694138
2013-02-11,16.0739,16.49,15.5743,15.8206,4.571049,72.4699693475,15.8541221823
2013-02-10,16.9307,16.9307,16.3455,16.6,6.77346518,113.320217952,16.7300214795
2013-02-09,16.0,17.348,16.0,16.6604,0.58472046,9.73447344273,16.6480807645
2013-02-08,15.8212,16.0,15.8212,16.0,59.099938,945.565368852,15.9994308091
2013-02-07,15.3,15.75,15.3,15.75,28.945874,444.96243845,15.3722232899
2013-02-06,15.3,15.3,15.3,15.3,0.919849,14.0736897,15.3
2013-02-05,15.0,15.3,15.0,15.3,59.41903,893.211159,15.0324089606
2013-02-04,15.5054,15.5054,15.2427,15.2427,0.3722123,5.72800230361,15.3890731274
2013-02-03,15.35,15.35,14.6761,15.2092,8.36710654,128.265328274,15.3297113716
2013-02-02,14.9,15.8732,14.6623,15.163,6.59612237,99.1085782361,15.0252788952
2013-02-01,15.42,15.7182,15.1702,15.1702,2.18244,33.826816793,15.4995403278
2013-01-31,14.45,15.4205,14.45,15.1472,1.17219993,17.5559638273,14.9769364235
2013-01-30,13.7829,14.45,13.7829,14.45,6.71323351,94.702345236,14.1068153067
2013-01-29,13.3723,13.5693,13.2852,13.5353,0.680904,9.16715171814,13.4632073216
2013-01-28,12.46,13.25,12.46,13.25,19.455581,243.108556334,12.4955690778
2013-01-27,12.0964,12.6601,12.0964,12.46,1.10092778,13.5953544365,12.3489975305
2013-01-26,0.0,0.0,0.0,0.0,0.0,0.0,0.0
2013-01-25,0.0,0.0,0.0,0.0,0.0,0.0,0.0
2013-01-24,11.7986,12.2816,11.7986,11.8512,0.46350844,5.55783571033,11.9907972125
2013-01-23,0.0,0.0,0.0,0.0,0.0,0.0,0.0
2013-01-22,11.3,11.5927,11.3,11.5927,0.445786,5.0789158582,11.3931703961
2013-01-21,11.3,11.3,11.3,11.3,49.792002,562.6496226,11.3
2013-01-20,0.0,0.0,0.0,0.0,0.0,0.0,0.0
2013-01-19,11.25,11.25,11.25,11.25,0.1,1.125,11.25
2013-01-18,10.9822,11.1659,10.9822,11.1659,0.305479,3.3732529098,11.0425034448
2013-01-17,10.3903,10.7908,10.3903,10.7908,0.5544759,5.90811216072,10.6553092041
2013-01-16,10.18,10.18,10.18,10.18,0.14788958,1.5055159244,10.18
2013-01-15,0.0,0.0,0.0,0.0,0.0,0.0,0.0
2013-01-14,10.0,10.0,10.0,10.0,0.2148567,2.148567,10.0
2013-01-13,10.0,10.0,10.0,10.0,0.785144,7.85144,10.0
2013-01-12,0.0,0.0,0.0,0.0,0.0,0.0,0.0
2013-01-11,0.0,0.0,0.0,0.0,0.0,0.0,0.0
2013-01-10,10.23,10.4,10.23,10.4,56.437339,585.09351595,10.3671350619
2013-01-09,0.0,0.0,0.0,0.0,0.0,0.0,0.0
2013-01-08,0.0,0.0,0.0,0.0,0.0,0.0,0.0
2013-01-07,0.0,0.0,0.0,0.0,0.0,0.0,0.0
2013-01-06,9.0,9.0,8.9,8.9,0.160935,1.4372015,8.93032280113
2013-01-05,9.0,9.0,9.0,9.0,0.2669,2.4021,9.0
2013-01-04,0.0,0.0,0.0,0.0,0.0,0.0,0.0
2013-01-03,9.004,9.004,9.0,9.0,154.242359,1388.24080827,9.00038625751
2013-01-02,9.1,9.1,9.1,9.1,0.683554,6.2203414,9.1
2013-01-01,10.239,10.241,9.001,10.2,37.28,378.987830938,10.1659825895
2012-12-31,0.0,0.0,0.0,0.0,0.0,0.0,0.0
2012-12-30,0.0,0.0,0.0,0.0,0.0,0.0,0.0
2012-12-29,0.0,0.0,0.0,0.0,0.0,0.0,0.0
2012-12-28,10.239,10.239,10.239,10.239,2.61,26.72379,10.239
2012-12-27,0.0,0.0,0.0,0.0,0.0,0.0,0.0
2012-12-26,0.0,0.0,0.0,0.0,0.0,0.0,0.0
2012-12-25,0.0,0.0,0.0,0.0,0.0,0.0,0.0
2012-12-24,0.0,0.0,0.0,0.0,0.0,0.0,0.0
2012-12-23,0.0,0.0,0.0,0.0,0.0,0.0,0.0
2012-12-22,10.0,10.0,10.0,10.0,0.1002,1.002,10.0
2012-12-21,9.5,10.2499,9.5,10.2499,0.780553,7.6256401947,9.76953543795
2012-12-20,9.5,9.5,9.5,9.5,0.1,0.95,9.5
2012-12-19,0.0,0.0,0.0,0.0,0.0,0.0,0.0
2012-12-18,0.0,0.0,0.0,0.0,0.0,0.0,0.0
2012-12-17,10.25,10.25,10.15,10.25,47.49556,484.82299,10.2077539458
2012-12-16,10.25,10.25,10.25,10.25,7.419978,76.0547745,10.25
2012-12-15,10.25,10.25,10.25,10.25,2.2000000000000003e-05,0.0002255,10.25
2012-12-14,0.0,0.0,0.0,0.0,0.0,0.0,0.0
2012-12-13,0.0,0.0,0.0,0.0,0.0,0.0,0.0
2012-12-12,0.0,0.0,0.0,0.0,0.0,0.0,0.0
2012-12-11,0.0,0.0,0.0,0.0,0.0,0.0,0.0
2012-12-10,0.0,0.0,0.0,0.0,0.0,0.0,0.0
2012-12-09,7.78,10.25,7.78,10.25,0.50917753,4.2330468434,8.3134989154
2012-12-08,0.0,0.0,0.0,0.0,0.0,0.0,0.0
2012-12-07,0.0,0.0,0.0,0.0,0.0,0.0,0.0
2012-12-06,9.99,10.0,9.99,10.0,4.92,49.1927,9.99851626016
2012-12-05,9.5,9.99,9.5,9.99,5.1765,49.31395,9.52650439486
2012-12-04,9.5,9.5,9.5,9.5,0.1035,0.98325,9.5
2012-12-03,0.0,0.0,0.0,0.0,0.0,0.0,0.0
2012-12-02,0.0,0.0,0.0,0.0,0.0,0.0,0.0
2012-12-01,0.0,0.0,0.0,0.0,0.0,0.0,0.0
2012-11-30,0.0,0.0,0.0,0.0,0.0,0.0,0.0
2012-11-29,9.0,9.099,9.0,9.099,0.330015,2.984154885,9.04248256897
2012-11-28,0.0,0.0,0.0,0.0,0.0,0.0,0.0
2012-11-27,0.0,0.0,0.0,0.0,0.0,0.0,0.0
2012-11-26,9.099,9.099,9.099,9.099,6.63264,60.35039136,9.099
2012-11-25,9.0,9.099,9.0,9.099,84.07273,758.19137111,9.01827942438
2012-11-24,8.0,8.9,8.0,8.0,2.158577,17.8073947,8.24959901824
2012-11-23,0.0,0.0,0.0,0.0,0.0,0.0,0.0
2012-11-22,0.0,0.0,0.0,0.0,0.0,0.0,0.0
2012-11-21,7.6,7.6,7.6,7.6,9.098885,69.151526,7.6
2012-11-20,0.0,0.0,0.0,0.0,0.0,0.0,0.0
2012-11-19,0.0,0.0,0.0,0.0,0.0,0.0,0.0
2012-11-18,0.0,0.0,0.0,0.0,0.0,0.0,0.0
2012-11-17,0.0,0.0,0.0,0.0,0.0,0.0,0.0
2012-11-16,8.5,8.5,8.5,8.5,0.1,0.85,8.5
2012-11-15,0.0,0.0,0.0,0.0,0.0,0.0,0.0
2012-11-14,0.0,0.0,0.0,0.0,0.0,0.0,0.0
2012-11-13,0.0,0.0,0.0,0.0,0.0,0.0,0.0
2012-11-12,0.0,0.0,0.0,0.0,0.0,0.0,0.0
2012-11-11,7.854,7.854,7.7,7.7,0.224418,1.74661102,7.78284727606
2012-11-10,0.0,0.0,0.0,0.0,0.0,0.0,0.0
2012-11-09,8.027,8.027,8.027,8.027,0.295,2.367965,8.027
2012-11-08,0.0,0.0,0.0,0.0,0.0,0.0,0.0
2012-11-07,8.236,8.236,8.236,8.236,0.256218,2.110211448,8.236
2012-11-06,8.0,8.0,8.0,8.0,0.1,0.8,8.0
2012-11-05,7.854,7.854,7.854,7.854,0.1,0.7854,7.854
2012-11-04,0.0,0.0,0.0,0.0,0.0,0.0,0.0
2012-11-03,8.057,8.057,7.852,8.025,0.844246,6.73780721,7.98085772393
2012-11-02,7.0,7.0,7.0,7.0,2.0,14.0,7.0
